Product_Category,Product_ID,Average of Competitor_Price,Average of Price
Beverages,ZP_PROD1015,142.0638,161.98
Beverages,ZP_PROD1022,19.4725,18.08
Beverages,ZP_PROD1024,199.1591,171.91
Beverages,ZP_PROD1029,153.9355,153.39
Beverages,ZP_PROD1032,265.5012,229.95
Beverages,ZP_PROD1035,20.7429,23.57
Beverages,ZP_PROD1044,374.5065,404.78
Beverages,ZP_PROD1051,174.1169,165.61
Beverages,ZP_PROD1072,33.3478,33.34
Beverages,ZP_PROD1075,14.264,11.47
Beverages,ZP_PROD1090,171.081,138.21
Beverages,ZP_PROD1175,71.6491,71
Beverages,ZP_PROD1193,180.9298,171.97
Beverages,ZP_PROD1230,451.8178,384.09
Beverages,ZP_PROD1259,425.5731,384.23
Beverages,ZP_PROD1334,53.3091,43.13
Beverages,ZP_PROD1336,120.8648,118.44
Beverages,ZP_PROD1359,130.6436,153.3
Beverages,ZP_PROD1362,379.5116,410.82
Beverages,ZP_PROD1449,212.7453,241.53
Beverages,ZP_PROD1468,285.889,247.67
Beverages,ZP_PROD1471,392.6436,373.5
Beverages,ZP_PROD1476,339.8114,296.77
Beverages,ZP_PROD1515,270.1172,235.08
Beverages,ZP_PROD1549,214.0278,213.92
Beverages,ZP_PROD1561,227.0407,183.52
Beverages,ZP_PROD1599,448.5722,394.71
Beverages,ZP_PROD1601,74.9391,66.26
Beverages,ZP_PROD1615,312.5919,258.19
Beverages,ZP_PROD1626,180.2752,179.55
Beverages,ZP_PROD1630,367.8427,368.26
Beverages,ZP_PROD1671,203.2173,211.16
Beverages,ZP_PROD1677,221.3739,228.65
Beverages,ZP_PROD1736,406.4609,451.21
Beverages,ZP_PROD1796,86.335,82.14
Beverages,ZP_PROD1801,185.73,174.81
Beverages,ZP_PROD1832,485.7719,418.56
Beverages,ZP_PROD1850,515.4806,471.55
Beverages,ZP_PROD1862,607.16,486.95
Beverages,ZP_PROD1892,528.6822,465.23
Beverages,ZP_PROD1901,105.0625,102.045
Beverages,ZP_PROD1920,233.5647,256.45
Beverages,ZP_PROD1933,323.1001,354.99
Beverages,ZP_PROD1957,51.3673,53.86
Beverages,ZP_PROD1974,379.7585,420.27
Beverages,ZP_PROD1995,256.6018,229.72
Beverages,ZP_PROD2007,476.1212,419.38
Beverages,ZP_PROD2050,242.9931,237.93
Beverages,ZP_PROD2069,32.2131,27.05
Beverages,ZP_PROD2125,426.2993,462.88
Beverages,ZP_PROD2132,435.1229,401.29
Beverages,ZP_PROD2150,139.434,132.01
Beverages,ZP_PROD2152,70.707,68.56
Beverages,ZP_PROD2155,211.1711,226.58
Beverages,ZP_PROD2195,168.8971,139.81
Beverages,ZP_PROD2202,339.3639,323.64
Beverages,ZP_PROD2253,356.4602,346.71
Beverages,ZP_PROD2288,53.4745,42.85
Beverages,ZP_PROD2298,118.9082,116.26
Beverages,ZP_PROD2331,51.0484,51.65
Beverages,ZP_PROD2350,439.5979,465.93
Beverages,ZP_PROD2412,406.966,384.33
Beverages,ZP_PROD2413,168.4277,156.53
Beverages,ZP_PROD2425,211.8693,170.23
Beverages,ZP_PROD2426,247.9526,224.48
Beverages,ZP_PROD2427,397.0461,360
Beverages,ZP_PROD2432,251.9398,238.88
Beverages,ZP_PROD2447,200.4219,222.39
Beverages,ZP_PROD2469,60.0953,56.34
Beverages,ZP_PROD2479,127.2733,105.44
Beverages,ZP_PROD2483,334.3116,301.22
Beverages,ZP_PROD2543,167.7644,158.64
Beverages,ZP_PROD2558,295.0032,276.74
Beverages,ZP_PROD2587,234.7588,261.35
Beverages,ZP_PROD2596,103.9463,111.26
Beverages,ZP_PROD2606,366.6622,330.37
Beverages,ZP_PROD2653,258.8382,223.6
Beverages,ZP_PROD2683,416.0656,428.69
Beverages,ZP_PROD2689,329.7227,328.81
Beverages,ZP_PROD2691,204.5455,164.91
Beverages,ZP_PROD2693,230.9432,199.37
Beverages,ZP_PROD2711,66.9041,64.9
Beverages,ZP_PROD2712,81.6817,89.41
Beverages,ZP_PROD2716,456.6142,381.52
Beverages,ZP_PROD2717,218.5109,230.08
Beverages,ZP_PROD2723,368.7016,345.94
Beverages,ZP_PROD2738,128.7643,107.22
Beverages,ZP_PROD2744,250.073,250.93
Beverages,ZP_PROD2747,551.3453,461.09
Beverages,ZP_PROD2785,359.9401,396.17
Beverages,ZP_PROD2791,98.0805,113.42
Beverages,ZP_PROD2833,20.4116,23.07
Beverages,ZP_PROD2843,356.8338,320.16
Beverages,ZP_PROD2854,74.0703,69.05
Beverages,ZP_PROD2894,453.3418,416.48
Beverages,ZP_PROD2903,500.7061,462.24
Beverages,ZP_PROD2908,266.9734,310.8
Beverages,ZP_PROD2980,357.7027,408.27
Beverages,ZP_PROD2987,556.5625,478.99
Beverages,ZP_PROD2992,324.1784,264.5
Beverages,ZP_PROD3029,195.7405,210.59
Beverages,ZP_PROD3041,285.1187,244.19
Beverages,ZP_PROD3055,325.7862,365.81
Beverages,ZP_PROD3088,279.9233,284.95
Beverages,ZP_PROD3172,220.4573,177.8
Beverages,ZP_PROD3259,131.8471,125.17
Beverages,ZP_PROD3288,400.1135,336.81
Beverages,ZP_PROD3291,28.3844,24.89
Beverages,ZP_PROD3292,29.808,28.22
Beverages,ZP_PROD3293,33.5975,31.86
Beverages,ZP_PROD3349,453.4564,366.86
Beverages,ZP_PROD3459,190.3116,173.08
Beverages,ZP_PROD3471,41.7781,36.19
Beverages,ZP_PROD3497,362.4695,323.16
Beverages,ZP_PROD3520,274.6489,234.79
Beverages,ZP_PROD3524,395.0666,424.35
Beverages,ZP_PROD3541,397.3077,323.3
Beverages,ZP_PROD3550,245.935,275.48
Beverages,ZP_PROD3576,125.8153,119.7
Beverages,ZP_PROD3591,53.7057,56.35
Beverages,ZP_PROD3618,247.623,270.09
Beverages,ZP_PROD3648,73.7478,74.97
Beverages,ZP_PROD3685,162.495,145.77
Beverages,ZP_PROD3706,93.8726,76.65
Beverages,ZP_PROD3742,10.7135,10.08
Beverages,ZP_PROD3776,218.6943,245.6
Beverages,ZP_PROD3820,389.5959,312.56
Beverages,ZP_PROD3858,269.7954,308.95
Beverages,ZP_PROD3859,391.8773,443.23
Beverages,ZP_PROD3875,70.6844,79.45
Beverages,ZP_PROD3965,352.2626,282.27
Beverages,ZP_PROD4023,207.7991,188.35
Beverages,ZP_PROD4037,166.6553,155.78
Beverages,ZP_PROD4038,411.9851,458.35
Beverages,ZP_PROD4066,375.4281,313.69
Beverages,ZP_PROD4068,476.8807,397.87
Beverages,ZP_PROD4077,400.3046,361.18
Beverages,ZP_PROD4094,253.1555,246.38
Beverages,ZP_PROD4171,79.9237,75.59
Beverages,ZP_PROD4277,299.0586,313.07
Beverages,ZP_PROD4304,510.9077,418.01
Beverages,ZP_PROD4309,303.5642,351.64
Beverages,ZP_PROD4313,353.4971,299.18
Beverages,ZP_PROD4351,421.6049,437.07
Beverages,ZP_PROD4371,35.709,41.35
Beverages,ZP_PROD4404,254.5056,220.52
Beverages,ZP_PROD4428,87.7293,89.01
Beverages,ZP_PROD4445,472.4088,410.84
Beverages,ZP_PROD4467,499.8439,407.34
Beverages,ZP_PROD4489,79.1812,92.02
Beverages,ZP_PROD4525,432.1498,441.73
Beverages,ZP_PROD4533,106.8607,114.26
Beverages,ZP_PROD4564,419.4441,470.32
Beverages,ZP_PROD4569,378.0268,391.78
Beverages,ZP_PROD4589,37.9275,33.79
Beverages,ZP_PROD4642,92.3411,87.31
Beverages,ZP_PROD4648,93.9147,78.27
Beverages,ZP_PROD4705,112.7244,93.86
Beverages,ZP_PROD4729,92.3532,101.93
Beverages,ZP_PROD4751,285.2894,323.79
Beverages,ZP_PROD4754,205.8632,210.1
Beverages,ZP_PROD4762,235.1897,273.21
Beverages,ZP_PROD4770,182.606,161.79
Beverages,ZP_PROD4834,36.9818,30.8
Beverages,ZP_PROD4857,135.8066,158.95
Beverages,ZP_PROD4881,127.6882,107.33
Beverages,ZP_PROD4893,285.1108,302.07
Beverages,ZP_PROD4972,348.8143,367.73
Beverages,ZP_PROD4981,203.2241,174.86
Beverages,ZP_PROD4990,258.2194,210.2
Beverages,ZP_PROD5040,145.9056,130.81
Beverages,ZP_PROD5060,318.3963,332.39
Beverages,ZP_PROD5083,403.8155,473
Beverages,ZP_PROD5105,380.0757,332.74
Beverages,ZP_PROD5181,368.4688,341.8
Beverages,ZP_PROD5186,69.0122,72.57
Beverages,ZP_PROD5190,75.5715,64.51
Beverages,ZP_PROD5252,98.1774,83.63
Beverages,ZP_PROD5255,451.7221,444.64
Beverages,ZP_PROD5261,383.8734,319.66
Beverages,ZP_PROD5281,329.0072,356.55
Beverages,ZP_PROD5283,513.7456,467.4
Beverages,ZP_PROD5290,183.2397,204.09
Beverages,ZP_PROD5306,431.9113,481.75
Beverages,ZP_PROD5307,311.028,316.06
Beverages,ZP_PROD5342,286.0692,263.59
Beverages,ZP_PROD5366,84.2293,80.46
Beverages,ZP_PROD5391,317.6367,277.32
Beverages,ZP_PROD5441,298.4714,281.36
Beverages,ZP_PROD5471,159.2652,156.19
Beverages,ZP_PROD5491,229.6071,261.37
Beverages,ZP_PROD5534,465.3411,455.84
Beverages,ZP_PROD5556,323.6597,290.54
Beverages,ZP_PROD5580,286.3727,323.66
Beverages,ZP_PROD5586,195.9699,160.85
Beverages,ZP_PROD5627,160.6317,149.91
Beverages,ZP_PROD5658,123.0718,136.12
Beverages,ZP_PROD5685,205.1587,230.74
Beverages,ZP_PROD5686,520.9363,417.19
Beverages,ZP_PROD5707,186.2917,169.69
Beverages,ZP_PROD5711,572.5869,461.44
Beverages,ZP_PROD5734,377.8683,382.06
Beverages,ZP_PROD5735,594.4676,499.35
Beverages,ZP_PROD5738,57.8138,50.82
Beverages,ZP_PROD5739,574.814,472.73
Beverages,ZP_PROD5800,237.6483,196.53
Beverages,ZP_PROD5846,245.9272,275.08
Beverages,ZP_PROD5853,519.7051,452.54
Beverages,ZP_PROD5900,374.1175,397.16
Beverages,ZP_PROD5925,47.5721,52.08
Beverages,ZP_PROD5950,354.8713,295.95
Beverages,ZP_PROD6144,527.8277,430.12
Beverages,ZP_PROD6166,142.6509,123.17
Beverages,ZP_PROD6173,215.5068,178.19
Beverages,ZP_PROD6177,273.9395,235.98
Beverages,ZP_PROD6206,135.5429,141.53
Beverages,ZP_PROD6210,291.8017,246.13
Beverages,ZP_PROD6225,133.2782,138.88
Beverages,ZP_PROD6250,19.1818,21.4
Beverages,ZP_PROD6302,294.4481,244.11
Beverages,ZP_PROD6343,179.4276,190.34
Beverages,ZP_PROD6345,179.9673,196.94
Beverages,ZP_PROD6348,111.8578,109.06
Beverages,ZP_PROD6354,519.5786,418.02
Beverages,ZP_PROD6372,219.5034,211.2
Beverages,ZP_PROD6388,570.5283,492.29
Beverages,ZP_PROD6418,148.677,123.11
Beverages,ZP_PROD6432,513.5882,454.91
Beverages,ZP_PROD6447,304.4622,247.62
Beverages,ZP_PROD6466,112.5908,122.22
Beverages,ZP_PROD6493,284.2656,323.25
Beverages,ZP_PROD6540,448.5678,388.06
Beverages,ZP_PROD6550,58.9178,59.2
Beverages,ZP_PROD6576,88.9294,90.82
Beverages,ZP_PROD6602,329.2764,378.79
Beverages,ZP_PROD6628,127.1062,103.66
Beverages,ZP_PROD6629,142.0154,145.02
Beverages,ZP_PROD6663,398.1424,323.28
Beverages,ZP_PROD6698,312.0353,360.58
Beverages,ZP_PROD6703,570.3596,486.25
Beverages,ZP_PROD6714,555.5478,451.63
Beverages,ZP_PROD6779,360.2929,398.11
Beverages,ZP_PROD6795,323.3616,269.85
Beverages,ZP_PROD6843,52.9848,58.46
Beverages,ZP_PROD6850,132.3508,109.38
Beverages,ZP_PROD6858,126.8547,119.13
Beverages,ZP_PROD6861,365.9073,398.68
Beverages,ZP_PROD6862,190.5655,175.48
Beverages,ZP_PROD6873,546.3348,493.8
Beverages,ZP_PROD6926,237.1519,257.25
Beverages,ZP_PROD6942,191.5065,220.94
Beverages,ZP_PROD6955,375.6097,359.98
Beverages,ZP_PROD6996,124.4223,107.41
Beverages,ZP_PROD6997,80.8561,74.34
Beverages,ZP_PROD7006,295.9259,302.83
Beverages,ZP_PROD7020,586.0351,482.03
Beverages,ZP_PROD7064,116.3368,133.24
Beverages,ZP_PROD7070,518.0186,476.84
Beverages,ZP_PROD7108,311.7863,276.28
Beverages,ZP_PROD7121,233.381,189.06
Beverages,ZP_PROD7135,219.5428,190.23
Beverages,ZP_PROD7192,57.7348,52.09
Beverages,ZP_PROD7197,92.8727,77.66
Beverages,ZP_PROD7238,54.0416,45.23
Beverages,ZP_PROD7257,314.0606,334.75
Beverages,ZP_PROD7329,514.5016,413.5
Beverages,ZP_PROD7340,388.4148,381.91
Beverages,ZP_PROD7394,278.1238,302.85
Beverages,ZP_PROD7426,180.1362,208.55
Beverages,ZP_PROD7434,47.599,42.86
Beverages,ZP_PROD7438,127.5553,138.75
Beverages,ZP_PROD7548,211.0416,226.91
Beverages,ZP_PROD7589,338.8232,287.89
Beverages,ZP_PROD7591,534.0504,442.66
Beverages,ZP_PROD7632,66.4075,74.71
Beverages,ZP_PROD7633,192.6489,167.47
Beverages,ZP_PROD7645,586.8723,480.52
Beverages,ZP_PROD7672,180.8577,165.23
Beverages,ZP_PROD7678,53.9935,59.4
Beverages,ZP_PROD7682,394.4947,357.32
Beverages,ZP_PROD7731,501.7403,452.43
Beverages,ZP_PROD7749,464.3509,480.45
Beverages,ZP_PROD7756,170.5044,189.24
Beverages,ZP_PROD7764,150.5188,149.73
Beverages,ZP_PROD7773,558.6217,482.69
Beverages,ZP_PROD7777,466.4917,379.97
Beverages,ZP_PROD7788,267.4754,222.72
Beverages,ZP_PROD7819,373.4729,313.88
Beverages,ZP_PROD7821,474.431,467.81
Beverages,ZP_PROD7845,277.2795,322.48
Beverages,ZP_PROD7858,542.4258,480.7
Beverages,ZP_PROD7877,469.1727,448.09
Beverages,ZP_PROD7884,107.4859,90.87
Beverages,ZP_PROD7898,231.5476,255.29
Beverages,ZP_PROD7901,279.4222,291.16
Beverages,ZP_PROD7905,184.2457,193.76
Beverages,ZP_PROD7957,166.9827,151.56
Beverages,ZP_PROD7962,122.903,111.57
Beverages,ZP_PROD7972,308.9751,291.41
Beverages,ZP_PROD7985,165.5601,189.12
Beverages,ZP_PROD8030,403.1536,425.54
Beverages,ZP_PROD8056,590.3243,480.18
Beverages,ZP_PROD8110,302.8669,262.61
Beverages,ZP_PROD8131,389.3725,348.08
Beverages,ZP_PROD8145,442.2141,357.33
Beverages,ZP_PROD8155,199.8248,170.89
Beverages,ZP_PROD8175,217.9532,190.99
Beverages,ZP_PROD8214,511.9832,458.46
Beverages,ZP_PROD8235,61.0251,58.85
Beverages,ZP_PROD8258,37.1313,38.52
Beverages,ZP_PROD8264,563.7515,470.04
Beverages,ZP_PROD8268,311.3739,269.67
Beverages,ZP_PROD8282,25.2416,20.28
Beverages,ZP_PROD8341,371.0059,428.26
Beverages,ZP_PROD8367,39.6873,44.82
Beverages,ZP_PROD8409,220.1855,251.54
Beverages,ZP_PROD8427,179.8187,200.12
Beverages,ZP_PROD8433,87.5659,93.27
Beverages,ZP_PROD8434,418.4137,370.02
Beverages,ZP_PROD8435,577.5669,487.76
Beverages,ZP_PROD8446,146.0664,129.47
Beverages,ZP_PROD8447,146.1962,154.8
Beverages,ZP_PROD8481,306.5259,260.83
Beverages,ZP_PROD8482,325.3331,303.57
Beverages,ZP_PROD8505,408.1804,421.77
Beverages,ZP_PROD8532,118.5235,126
Beverages,ZP_PROD8628,391.4103,369.91
Beverages,ZP_PROD8638,565.0314,479.23
Beverages,ZP_PROD8664,529.1929,460.73
Beverages,ZP_PROD8678,286.7278,333.35
Beverages,ZP_PROD8693,52.3493,60.27
Beverages,ZP_PROD8694,328.4927,266.91
Beverages,ZP_PROD8704,199.2601,187.22
Beverages,ZP_PROD8715,141.2386,165.28
Beverages,ZP_PROD8729,577.0781,490.21
Beverages,ZP_PROD8730,40.9976,41.31
Beverages,ZP_PROD8754,221.3156,226.72
Beverages,ZP_PROD8776,360.111,343.93
Beverages,ZP_PROD8812,195.5832,201.28
Beverages,ZP_PROD8832,62.8335,72.5
Beverages,ZP_PROD8881,527.8087,462.34
Beverages,ZP_PROD8899,367.89865,335.765
Beverages,ZP_PROD8907,366.8323,372.51
Beverages,ZP_PROD8924,177.0021,147.97
Beverages,ZP_PROD8973,17.1435,14.51
Beverages,ZP_PROD8994,225.9201,180.77
Beverages,ZP_PROD9027,92.1469,97.11
Beverages,ZP_PROD9038,214.0707,194.67
Beverages,ZP_PROD9049,360.1256,403.44
Beverages,ZP_PROD9065,14.8543,16.77
Beverages,ZP_PROD9066,127.4219,104.35
Beverages,ZP_PROD9097,306.70715,297.865
Beverages,ZP_PROD9128,139.3128,161.96
Beverages,ZP_PROD9176,322.3587,295.97
Beverages,ZP_PROD9193,138.916,154.85
Beverages,ZP_PROD9197,355.3632,390.48
Beverages,ZP_PROD9208,38.0828,40.31
Beverages,ZP_PROD9213,123.837,142.64
Beverages,ZP_PROD9224,253.0731,259.79
Beverages,ZP_PROD9251,406.1696,404.66
Beverages,ZP_PROD9269,122.1116,112.32
Beverages,ZP_PROD9316,135.0009,110.77
Beverages,ZP_PROD9321,551.4303,449.25
Beverages,ZP_PROD9432,483.1717,448.81
Beverages,ZP_PROD9435,442.6894,435.52
Beverages,ZP_PROD9458,170.992,139.61
Beverages,ZP_PROD9505,269.9405,286.56
Beverages,ZP_PROD9515,263.3644,278.18
Beverages,ZP_PROD9519,365.3436,404.55
Beverages,ZP_PROD9522,311.9074,328.29
Beverages,ZP_PROD9540,216.6033,225.81
Beverages,ZP_PROD9550,466.7161,491.88
Beverages,ZP_PROD9554,395.7211,448.64
Beverages,ZP_PROD9559,539.3638,499.7
Beverages,ZP_PROD9637,134.701,147.77
Beverages,ZP_PROD9648,302.8856,274.67
Beverages,ZP_PROD9702,405.8385,348.82
Beverages,ZP_PROD9737,16.6428,13.8
Beverages,ZP_PROD9748,43.9894,46.46
Beverages,ZP_PROD9776,423.2339,371.59
Beverages,ZP_PROD9800,292.3285,291.77
Beverages,ZP_PROD9835,195.1534,188.59
Beverages,ZP_PROD9894,155.6354,158.68
Beverages,ZP_PROD9903,388.2068,445.87
Beverages,ZP_PROD9913,204.7605,165.21
Beverages,ZP_PROD9956,210.0753,201.49
Beverages,ZP_PROD9973,395.9972,418.24
Beverages,ZP_PROD9974,28.4593,26.67
Dairy,ZP_PROD1042,330.9664,372.59
Dairy,ZP_PROD1058,33.2703,27.71
Dairy,ZP_PROD1090,135.0087,124.92
Dairy,ZP_PROD1117,231.7137,211.54
Dairy,ZP_PROD1131,464.8548,453.18
Dairy,ZP_PROD1163,161.6686,138.3
Dairy,ZP_PROD1248,433.0139,433.77
Dairy,ZP_PROD1253,132.9352,119.18
Dairy,ZP_PROD1260,522.9854,482.24
Dairy,ZP_PROD1268,473.1283,478.06
Dairy,ZP_PROD1274,212.3783,186.34
Dairy,ZP_PROD1288,466.4114,471.54
Dairy,ZP_PROD1289,358.0939,384.38
Dairy,ZP_PROD1312,393.361,388.02
Dairy,ZP_PROD1320,424.6826,427.51
Dairy,ZP_PROD1347,95.7568,109.17
Dairy,ZP_PROD1351,131.8833,118.28
Dairy,ZP_PROD1376,354.6774,302.16
Dairy,ZP_PROD1383,148.1193,145.87
Dairy,ZP_PROD1387,404.4074,330.99
Dairy,ZP_PROD1403,308.7887,317.52
Dairy,ZP_PROD1407,403.5351,365.35
Dairy,ZP_PROD1414,325.2351,288.36
Dairy,ZP_PROD1432,449.2309,462.5
Dairy,ZP_PROD1467,365.3537,311.225
Dairy,ZP_PROD1485,122.6811,111.22
Dairy,ZP_PROD1497,462.9763,481.9
Dairy,ZP_PROD1508,10.29,10.8
Dairy,ZP_PROD1544,248.7412,232.85
Dairy,ZP_PROD1581,29.7428,29.22
Dairy,ZP_PROD1595,141.899,121.85
Dairy,ZP_PROD1601,58.4442,65.36
Dairy,ZP_PROD1609,274.7893,250.18
Dairy,ZP_PROD1679,448.9625,390.08
Dairy,ZP_PROD1681,307.7782,349.18
Dairy,ZP_PROD1705,94.8378,102.99
Dairy,ZP_PROD1776,371.015,401.34
Dairy,ZP_PROD1834,69.8422,68.85
Dairy,ZP_PROD1843,403.4921,398.12
Dairy,ZP_PROD1848,81.0586,67.62
Dairy,ZP_PROD1875,512.5272,466.76
Dairy,ZP_PROD1951,482.8223,443.47
Dairy,ZP_PROD1972,250.3879,209.28
Dairy,ZP_PROD2019,261.4302,283.37
Dairy,ZP_PROD2036,386.156,452.69
Dairy,ZP_PROD2067,402.3802,325.08
Dairy,ZP_PROD2151,581.0985,479.24
Dairy,ZP_PROD2224,253.0338,255.77
Dairy,ZP_PROD2239,253.277,240.11
Dairy,ZP_PROD2249,117.7215,126.6
Dairy,ZP_PROD2250,187.4156,151.39
Dairy,ZP_PROD2252,178.2835,145.71
Dairy,ZP_PROD2273,537.2175,472.97
Dairy,ZP_PROD2276,261.634,302.6
Dairy,ZP_PROD2286,129.8507,142.42
Dairy,ZP_PROD2327,442.3458,356.02
Dairy,ZP_PROD2358,192.9799,172.4
Dairy,ZP_PROD2365,28.6069,25.6
Dairy,ZP_PROD2391,158.2847,136.93
Dairy,ZP_PROD2432,140.9506,151.18
Dairy,ZP_PROD2452,561.8591,476.02
Dairy,ZP_PROD2483,206.70055,210.025
Dairy,ZP_PROD2491,423.4243,368.78
Dairy,ZP_PROD2495,160.3794,186.12
Dairy,ZP_PROD2532,204.4634,226.59
Dairy,ZP_PROD2559,247.8959,227.14
Dairy,ZP_PROD2585,483.7414,484.68
Dairy,ZP_PROD2592,407.1871,403.54
Dairy,ZP_PROD2597,281.3576,229.7
Dairy,ZP_PROD2638,135.2135,134.91
Dairy,ZP_PROD2651,294.2632,262.22
Dairy,ZP_PROD2704,488.2547,481.64
Dairy,ZP_PROD2744,281.0381,273.9
Dairy,ZP_PROD2763,244.5017,230.54
Dairy,ZP_PROD2766,394.0088,374.88
Dairy,ZP_PROD2768,118.60605,133.705
Dairy,ZP_PROD2789,339.4731,384.28
Dairy,ZP_PROD2802,358.9505,396.32
Dairy,ZP_PROD2818,326.0727,287.9
Dairy,ZP_PROD2839,323.4602,328.32
Dairy,ZP_PROD2900,30.0167,32.97
Dairy,ZP_PROD2904,304.5613,271.13
Dairy,ZP_PROD2907,15.9879,17.21
Dairy,ZP_PROD2911,109.7564,105.55
Dairy,ZP_PROD2969,545.0535,495.81
Dairy,ZP_PROD2972,240.6019,194.81
Dairy,ZP_PROD3017,308.6615,252.33
Dairy,ZP_PROD3022,61.816,69.72
Dairy,ZP_PROD3028,39.4845,33.8
Dairy,ZP_PROD3031,272.3548,262.83
Dairy,ZP_PROD3046,165.9193,149.97
Dairy,ZP_PROD3052,598.8417,485.97
Dairy,ZP_PROD3074,136.4194,142.32
Dairy,ZP_PROD3126,55.2571,59.11
Dairy,ZP_PROD3135,495.2011,443.94
Dairy,ZP_PROD3146,309.2344,253.29
Dairy,ZP_PROD3166,92.7755,104.05
Dairy,ZP_PROD3171,400.5149,443.89
Dairy,ZP_PROD3211,24.842,23.36
Dairy,ZP_PROD3221,382.6896,339.14
Dairy,ZP_PROD3226,398.7759,360.3
Dairy,ZP_PROD3250,122.7136,102.48
Dairy,ZP_PROD3253,505.4657,432.79
Dairy,ZP_PROD3262,361.3275,382.35
Dairy,ZP_PROD3265,249.6219,257.24
Dairy,ZP_PROD3295,356.2536,298.06
Dairy,ZP_PROD3354,57.7488,58.61
Dairy,ZP_PROD3355,538.8008,435.07
Dairy,ZP_PROD3356,108.2834,108.59
Dairy,ZP_PROD3388,172.7066,146.48
Dairy,ZP_PROD3479,247.5365,211.595
Dairy,ZP_PROD3495,53.0253,61.5
Dairy,ZP_PROD3529,14.6879,12.59
Dairy,ZP_PROD3583,388.3293,355.46
Dairy,ZP_PROD3585,47.4484,47.35
Dairy,ZP_PROD3603,283.6124,309.9
Dairy,ZP_PROD3618,378.5276,395.85
Dairy,ZP_PROD3620,77.347,66.03
Dairy,ZP_PROD3633,146.1293,163.96
Dairy,ZP_PROD3647,74.7218,87.05
Dairy,ZP_PROD3650,105.5517,120.49
Dairy,ZP_PROD3683,207.5967,173.23
Dairy,ZP_PROD3687,537.5372,448.16
Dairy,ZP_PROD3698,175.853,145.95
Dairy,ZP_PROD3707,339.975,276.65
Dairy,ZP_PROD3708,82.4161,79.76
Dairy,ZP_PROD3710,312.0151,283.86
Dairy,ZP_PROD3713,346.6458,376.97
Dairy,ZP_PROD3752,395.0849,320.21
Dairy,ZP_PROD3771,223.7742,198.6
Dairy,ZP_PROD3794,380.5504,307.4
Dairy,ZP_PROD3798,73.3496,62.75
Dairy,ZP_PROD3804,184.9376,159.4
Dairy,ZP_PROD3824,492.837,424.84
Dairy,ZP_PROD3831,404.743,414
Dairy,ZP_PROD3868,132.7067,142.09
Dairy,ZP_PROD3920,111.4649,95.25
Dairy,ZP_PROD3998,435.5714,499.21
Dairy,ZP_PROD4002,208.2855,229.18
Dairy,ZP_PROD4014,150.3831,121.5
Dairy,ZP_PROD4043,219.023,238.03
Dairy,ZP_PROD4056,19.7216,19.85
Dairy,ZP_PROD4090,261.0172,247.27
Dairy,ZP_PROD4113,143.5653,136.81
Dairy,ZP_PROD4116,121.3125,105.93
Dairy,ZP_PROD4127,82.4141,87.22
Dairy,ZP_PROD4150,323.0622,341.33
Dairy,ZP_PROD4165,512.2827,494.73
Dairy,ZP_PROD4191,464.9849,474.79
Dairy,ZP_PROD4235,283.6305,284.48
Dairy,ZP_PROD4241,340.6263,381.88
Dairy,ZP_PROD4248,420.8643,382.71
Dairy,ZP_PROD4293,387.0366,350.77
Dairy,ZP_PROD4321,44.2712,36.98
Dairy,ZP_PROD4420,510.6752,451.77
Dairy,ZP_PROD4484,392.5923,385.39
Dairy,ZP_PROD4486,471.226,475.81
Dairy,ZP_PROD4495,336.763,356.26
Dairy,ZP_PROD4538,238.4323,198.53
Dairy,ZP_PROD4550,203.5584,225.55
Dairy,ZP_PROD4558,213.1912,189.41
Dairy,ZP_PROD4572,419.8978,365.45
Dairy,ZP_PROD4578,188.3702,210.99
Dairy,ZP_PROD4581,65.308,72.1
Dairy,ZP_PROD4589,504.0062,452.96
Dairy,ZP_PROD4597,29.9167,25.94
Dairy,ZP_PROD4623,38.9427,42.49
Dairy,ZP_PROD4663,161.4508,145.87
Dairy,ZP_PROD4688,164.7876,154.08
Dairy,ZP_PROD4704,387.5083,335.53
Dairy,ZP_PROD4709,259.1473,233.98
Dairy,ZP_PROD4727,364.1838,344.36
Dairy,ZP_PROD4735,474.6728,403.57
Dairy,ZP_PROD4741,394.402,345.58
Dairy,ZP_PROD4751,78.8232,68.28
Dairy,ZP_PROD4798,274.5404,254.87
Dairy,ZP_PROD4837,337.51855,279.275
Dairy,ZP_PROD4863,219.3209,220.69
Dairy,ZP_PROD4952,347.8408,402.28
Dairy,ZP_PROD4980,19.0069,21.44
Dairy,ZP_PROD5002,14.6005,11.97
Dairy,ZP_PROD5010,384.5512,327.91
Dairy,ZP_PROD5015,183.637,200.26
Dairy,ZP_PROD5083,173.8332,146.77
Dairy,ZP_PROD5095,280.6768,328.33
Dairy,ZP_PROD5128,428.3444,354.61
Dairy,ZP_PROD5151,248.2598,216.96
Dairy,ZP_PROD5186,582.7764,475.84
Dairy,ZP_PROD5198,153.1444,164.97
Dairy,ZP_PROD5264,609.5937,489.61
Dairy,ZP_PROD5275,457.5114,391.68
Dairy,ZP_PROD5285,333.2556,300.05
Dairy,ZP_PROD5327,87.1655,83.07
Dairy,ZP_PROD5331,304.3872,275.86
Dairy,ZP_PROD5334,65.8281,74.9
Dairy,ZP_PROD5347,386.5812,349.95
Dairy,ZP_PROD5375,83.4387,93.42
Dairy,ZP_PROD5381,123.5834,114.97
Dairy,ZP_PROD5383,99.9953,80.34
Dairy,ZP_PROD5398,380.8245,307.03
Dairy,ZP_PROD5422,214.5418,242.38
Dairy,ZP_PROD5429,261.7278,215.66
Dairy,ZP_PROD5462,275.7401,246.47
Dairy,ZP_PROD5480,59.8685,56.97
Dairy,ZP_PROD5490,28.9377,26.53
Dairy,ZP_PROD5492,312.67,258.91
Dairy,ZP_PROD5508,33.918,35.89
Dairy,ZP_PROD5545,120.6637,141.62
Dairy,ZP_PROD5557,207.5256,214.25
Dairy,ZP_PROD5596,351.894,328.36
Dairy,ZP_PROD5637,431.0667,426.1
Dairy,ZP_PROD5654,226.8446,264.65
Dairy,ZP_PROD5674,77.9938,89.04
Dairy,ZP_PROD5684,183.8345,167.07
Dairy,ZP_PROD5689,218.7779,237.58
Dairy,ZP_PROD5692,409.0304,418.89
Dairy,ZP_PROD5705,241.8811,221.44
Dairy,ZP_PROD5742,352.6903,294.11
Dairy,ZP_PROD5751,315.5127,341.7
Dairy,ZP_PROD5771,525.9363,451.54
Dairy,ZP_PROD5775,292.8775,285.51
Dairy,ZP_PROD5784,257.9328,301.8
Dairy,ZP_PROD5813,88.7101,74.03
Dairy,ZP_PROD5818,158.4924,155.23
Dairy,ZP_PROD5899,497.5858,468.08
Dairy,ZP_PROD5908,84.9064,88.31
Dairy,ZP_PROD5923,315.5167,282.73
Dairy,ZP_PROD5932,108.8902,104.32
Dairy,ZP_PROD5945,99.9216,105.68
Dairy,ZP_PROD5988,67.4165,57.92
Dairy,ZP_PROD6002,300.0352,305.1
Dairy,ZP_PROD6023,482.5527,425.72
Dairy,ZP_PROD6151,181.8753,174.95
Dairy,ZP_PROD6169,154.0699,145.34
Dairy,ZP_PROD6178,118.6448,126.95
Dairy,ZP_PROD6183,460.41045,403.24
Dairy,ZP_PROD6247,470.3931,463.42
Dairy,ZP_PROD6253,219.7891,254.93
Dairy,ZP_PROD6287,194.4901,207.5
Dairy,ZP_PROD6320,268.101,242.13
Dairy,ZP_PROD6321,496.0302,414.2
Dairy,ZP_PROD6322,469.4944,378.55
Dairy,ZP_PROD6343,72.127,60.44
Dairy,ZP_PROD6355,43.9993,40.48
Dairy,ZP_PROD6429,370.0616,315.68
Dairy,ZP_PROD6439,171.5731,199.63
Dairy,ZP_PROD6458,257.7568,255.34
Dairy,ZP_PROD6460,369.7374,326.66
Dairy,ZP_PROD6464,413.7852,367.36
Dairy,ZP_PROD6481,159.1176,134.54
Dairy,ZP_PROD6489,219.2891,185.54
Dairy,ZP_PROD6519,281.2904,311.84
Dairy,ZP_PROD6561,417.6976,465.17
Dairy,ZP_PROD6565,225.5459,199.34
Dairy,ZP_PROD6566,381.3678,333.08
Dairy,ZP_PROD6570,74.9309,60.08
Dairy,ZP_PROD6573,194.355,186.53
Dairy,ZP_PROD6582,472.2765,474.67
Dairy,ZP_PROD6661,378.5656,304.8
Dairy,ZP_PROD6688,134.7419,147.11
Dairy,ZP_PROD6695,257.1353,251.57
Dairy,ZP_PROD6697,474.2847,479.91
Dairy,ZP_PROD6709,131.1346,112.28
Dairy,ZP_PROD6762,169.2404,173.12
Dairy,ZP_PROD6791,235.8519,234.75
Dairy,ZP_PROD6809,498.2956,407.5
Dairy,ZP_PROD6829,332.8844,358.77
Dairy,ZP_PROD6844,409.9984,453.16
Dairy,ZP_PROD6862,27.4603,22.91
Dairy,ZP_PROD6869,233.5328,200.81
Dairy,ZP_PROD6906,364.3314,322.79
Dairy,ZP_PROD6977,432.5662,424.68
Dairy,ZP_PROD7011,251.1031,286.34
Dairy,ZP_PROD7057,513.8045,435.27
Dairy,ZP_PROD7075,62.4603,71.39
Dairy,ZP_PROD7088,58.006,58.78
Dairy,ZP_PROD7097,86.3603,76.24
Dairy,ZP_PROD7164,23.2886,26.56
Dairy,ZP_PROD7180,312.9974,285.91
Dairy,ZP_PROD7184,391.1294,456.24
Dairy,ZP_PROD7195,355.951,339.97
Dairy,ZP_PROD7272,68.0718,77.01
Dairy,ZP_PROD7287,328.9917,318.94
Dairy,ZP_PROD7362,111.7726,107.88
Dairy,ZP_PROD7371,219.8499,188.57
Dairy,ZP_PROD7390,207.9024,221.21
Dairy,ZP_PROD7412,196.5652,172.41
Dairy,ZP_PROD7474,116.545,118.14
Dairy,ZP_PROD7478,84.1937,87.76
Dairy,ZP_PROD7496,135.2343,143.52
Dairy,ZP_PROD7550,519.438,455.09
Dairy,ZP_PROD7595,242.4838,217.72
Dairy,ZP_PROD7655,244.5111,264.6
Dairy,ZP_PROD7659,284.5002,307.92
Dairy,ZP_PROD7663,119.8594,104.3
Dairy,ZP_PROD7730,167.1896,142.05
Dairy,ZP_PROD7802,282.8306,267.52
Dairy,ZP_PROD7821,185.8307,180.38
Dairy,ZP_PROD7892,113.3351,132.11
Dairy,ZP_PROD7928,95.7709,109.56
Dairy,ZP_PROD7934,444.0293,391.69
Dairy,ZP_PROD7963,55.2446,61.26
Dairy,ZP_PROD7966,449.3267,409.43
Dairy,ZP_PROD8017,368.168,373.85
Dairy,ZP_PROD8033,283.855,287.9
Dairy,ZP_PROD8102,25.3041,28.62
Dairy,ZP_PROD8129,378.2799,427.82
Dairy,ZP_PROD8142,263.3367,219.57
Dairy,ZP_PROD8150,409.7944,346.67
Dairy,ZP_PROD8155,280.6588,319.75
Dairy,ZP_PROD8163,540.3208,494.42
Dairy,ZP_PROD8172,148.2839,136.42
Dairy,ZP_PROD8213,302.5404,348.5
Dairy,ZP_PROD8224,149.6369,129.12
Dairy,ZP_PROD8234,223.8224,247.95
Dairy,ZP_PROD8245,478.5903,403.94
Dairy,ZP_PROD8264,303.6463,289.02
Dairy,ZP_PROD8283,54.0911,57.84
Dairy,ZP_PROD8305,475.9172,471.78
Dairy,ZP_PROD8313,268.6907,261.27
Dairy,ZP_PROD8323,233.3569,239.79
Dairy,ZP_PROD8327,419.8138,352.65
Dairy,ZP_PROD8349,26.3378,29.37
Dairy,ZP_PROD8396,204.115,182.15
Dairy,ZP_PROD8509,474.9975,494.05
Dairy,ZP_PROD8552,304.0551,300.63
Dairy,ZP_PROD8589,184.6019,197.95
Dairy,ZP_PROD8600,86.3653,97.86
Dairy,ZP_PROD8604,295.3024,251.59
Dairy,ZP_PROD8663,163.626,133.05
Dairy,ZP_PROD8682,222.1083,194.3
Dairy,ZP_PROD8729,467.2188,396.37
Dairy,ZP_PROD8766,338.0547,307.45
Dairy,ZP_PROD8773,43.4138,39.57
Dairy,ZP_PROD8774,32.0382,26.04
Dairy,ZP_PROD8779,317.3373,312
Dairy,ZP_PROD8876,429.2807,482.03
Dairy,ZP_PROD8877,462.0311,483.85
Dairy,ZP_PROD8889,51.2177,52.95
Dairy,ZP_PROD8933,217.8249,207.67
Dairy,ZP_PROD8937,284.0761,293.21
Dairy,ZP_PROD8941,444.0854,398.8
Dairy,ZP_PROD8972,203.6549,174.41
Dairy,ZP_PROD8980,304.7731,255.875
Dairy,ZP_PROD8985,174.3835,198.78
Dairy,ZP_PROD9008,148.2908,134.15
Dairy,ZP_PROD9010,377.4045,392.74
Dairy,ZP_PROD9018,142.82835,126.315
Dairy,ZP_PROD9077,304.214,315.1
Dairy,ZP_PROD9079,49.305,40.08
Dairy,ZP_PROD9091,145.3401,134.51
Dairy,ZP_PROD9109,161.9124,175.19
Dairy,ZP_PROD9113,335.9174,377.01
Dairy,ZP_PROD9120,123.9498,142.67
Dairy,ZP_PROD9128,47.2816,38.73
Dairy,ZP_PROD9163,359.8544,356.78
Dairy,ZP_PROD9169,249.7907,258.9
Dairy,ZP_PROD9173,255.7086,299.28
Dairy,ZP_PROD9249,521.9149,491.51
Dairy,ZP_PROD9290,348.2738,285.28
Dairy,ZP_PROD9315,156.9078,137.09
Dairy,ZP_PROD9348,213.2196,245.62
Dairy,ZP_PROD9381,34.0772,39.42
Dairy,ZP_PROD9382,156.173,126.75
Dairy,ZP_PROD9398,395.3436,449.5
Dairy,ZP_PROD9404,418.6868,445.55
Dairy,ZP_PROD9414,53.2463,48.39
Dairy,ZP_PROD9416,372.9863,352.53
Dairy,ZP_PROD9433,498.2743,411.74
Dairy,ZP_PROD9440,143.9252,119.26
Dairy,ZP_PROD9443,201.9277,193.09
Dairy,ZP_PROD9461,301.8602,257.31
Dairy,ZP_PROD9481,146.7507,164.17
Dairy,ZP_PROD9527,73.7353,82.35
Dairy,ZP_PROD9579,190.1865,194.84
Dairy,ZP_PROD9616,367.955,398.75
Dairy,ZP_PROD9631,526.5703,430.61
Dairy,ZP_PROD9636,421.8815,341.55
Dairy,ZP_PROD9637,219.894,240.99
Dairy,ZP_PROD9640,243.723,284.05
Dairy,ZP_PROD9660,465.1152,464.95
Dairy,ZP_PROD9670,59.0338,49.74
Dairy,ZP_PROD9684,507.823,410.22
Dairy,ZP_PROD9694,371.1505,406.06
Dairy,ZP_PROD9695,439.0892,467.99
Dairy,ZP_PROD9699,207.1548,224.54
Dairy,ZP_PROD9712,410.4851,350.5
Dairy,ZP_PROD9743,267.4262,231
Dairy,ZP_PROD9762,436.5489,460.85
Dairy,ZP_PROD9764,93.8499,103.04
Dairy,ZP_PROD9771,111.7688,89.65
Dairy,ZP_PROD9777,346.6114,335.24
Dairy,ZP_PROD9878,345.5823,336.96
Dairy,ZP_PROD9885,153.1325,166.46
Dairy,ZP_PROD9886,42.7248,49.3
Dairy,ZP_PROD9888,61.6442,52.24
Dairy,ZP_PROD9891,295.0195,292.81
Dairy,ZP_PROD9894,250.9882,264
Dairy,ZP_PROD9906,432.2097,428.58
Dairy,ZP_PROD9926,160.2553,131.37
Dairy,ZP_PROD9969,110.5847,111.09
Dairy,ZP_PROD9973,251.4446,236.86
Dairy,ZP_PROD9993,201.3377,220.03
Groceries,ZP_PROD1023,504.2002,461.51
Groceries,ZP_PROD1116,186.3276,198.92
Groceries,ZP_PROD1135,484.443,404.61
Groceries,ZP_PROD1176,146.9966,166.53
Groceries,ZP_PROD1218,463.8604,443.96
Groceries,ZP_PROD1249,58.3101,64.7
Groceries,ZP_PROD1264,107.7835,88.92
Groceries,ZP_PROD1265,129.2708,127.84
Groceries,ZP_PROD1314,316.3444,362.82
Groceries,ZP_PROD1328,224.5452,229.11
Groceries,ZP_PROD1330,406.4057,410.49
Groceries,ZP_PROD1349,60.4547,52.57
Groceries,ZP_PROD1392,188.0616,157.06
Groceries,ZP_PROD1399,262.0852,245.8
Groceries,ZP_PROD1403,82.1801,68.04
Groceries,ZP_PROD1427,183.353,212.55
Groceries,ZP_PROD1476,276.3818,321.17
Groceries,ZP_PROD1498,224.3974,261
Groceries,ZP_PROD1500,319.0432,333.3
Groceries,ZP_PROD1522,72.7855,59.6
Groceries,ZP_PROD1557,321.9641,297.09
Groceries,ZP_PROD1585,252.7241,294.47
Groceries,ZP_PROD1631,245.4629,238.15
Groceries,ZP_PROD1656,314.175,269.38
Groceries,ZP_PROD1711,329.9501,280.78
Groceries,ZP_PROD1718,516.3997,452.75
Groceries,ZP_PROD1719,489.8941,447.32
Groceries,ZP_PROD1750,196.9106,218.46
Groceries,ZP_PROD1756,395.3561,358.32
Groceries,ZP_PROD1767,137.1194,120.29
Groceries,ZP_PROD1802,98.6663,93.09
Groceries,ZP_PROD1806,117.917,126.33
Groceries,ZP_PROD1828,213.0953,172.62
Groceries,ZP_PROD1835,17.909,20.65
Groceries,ZP_PROD1852,48.52,39.67
Groceries,ZP_PROD1882,314.9039,364.89
Groceries,ZP_PROD1946,412.9907,397.38
Groceries,ZP_PROD1989,409.5507,335.67
Groceries,ZP_PROD1990,484.279,450.1
Groceries,ZP_PROD1994,163.3428,191.75
Groceries,ZP_PROD2011,275.0921,243.99
Groceries,ZP_PROD2026,137.6825,139.83
Groceries,ZP_PROD2029,520.4085,444.56
Groceries,ZP_PROD2040,536.6252,429.73
Groceries,ZP_PROD2067,389.3276,404.71
Groceries,ZP_PROD2075,89.0177,74.52
Groceries,ZP_PROD2112,422.51655,369.05
Groceries,ZP_PROD2132,246.0551,201.85
Groceries,ZP_PROD2143,460.622,495.39
Groceries,ZP_PROD2144,518.9453,419.26
Groceries,ZP_PROD2224,475.0007,453.16
Groceries,ZP_PROD2264,340.0227,367.74
Groceries,ZP_PROD2310,454.1504,447.81
Groceries,ZP_PROD2343,262.1965,242.48
Groceries,ZP_PROD2376,472.2446,431.57
Groceries,ZP_PROD2413,108.0493,91.11
Groceries,ZP_PROD2435,412.2773,381.26
Groceries,ZP_PROD2481,331.46345,340.035
Groceries,ZP_PROD2573,405.0614,431.98
Groceries,ZP_PROD2592,395.8579,357.77
Groceries,ZP_PROD2644,212.0619,234.1
Groceries,ZP_PROD2646,97.0149,105.48
Groceries,ZP_PROD2664,168.8503,161.86
Groceries,ZP_PROD2722,381.3375,339.2
Groceries,ZP_PROD2723,292.8692,328.46
Groceries,ZP_PROD2729,239.3473,262.74
Groceries,ZP_PROD2740,146.9245,169.21
Groceries,ZP_PROD2807,428.5954,411.14
Groceries,ZP_PROD2902,402.9891,403.01
Groceries,ZP_PROD2918,429.9652,382.77
Groceries,ZP_PROD2950,407.1541,371.49
Groceries,ZP_PROD2969,54.7175,55.83
Groceries,ZP_PROD2979,312.2887,304.9
Groceries,ZP_PROD2995,22.0522,23.49
Groceries,ZP_PROD3007,136.3729,148.57
Groceries,ZP_PROD3020,147.4121,146.61
Groceries,ZP_PROD3042,50.7078,47.58
Groceries,ZP_PROD3110,17.134,15.71
Groceries,ZP_PROD3161,429.5688,380.83
Groceries,ZP_PROD3169,188.1319,192.36
Groceries,ZP_PROD3208,17.3804,18.46
Groceries,ZP_PROD3211,452.4876,444.25
Groceries,ZP_PROD3231,343.3134,283.77
Groceries,ZP_PROD3253,19.0301,17.74
Groceries,ZP_PROD3312,240.3313,275.22
Groceries,ZP_PROD3327,151.786,164.81
Groceries,ZP_PROD3337,349.3439,321.15
Groceries,ZP_PROD3379,214.8104,211.5
Groceries,ZP_PROD3387,427.6307,482.59
Groceries,ZP_PROD3498,373.6085,410.55
Groceries,ZP_PROD3516,159.2246,178.82
Groceries,ZP_PROD3549,100.2363,116.71
Groceries,ZP_PROD3557,183.07555,203.73
Groceries,ZP_PROD3590,109.1433,108.03
Groceries,ZP_PROD3592,298.7793,287.99
Groceries,ZP_PROD3595,319.0888,258.32
Groceries,ZP_PROD3601,189.2684,190.66
Groceries,ZP_PROD3654,405.4899,402.68
Groceries,ZP_PROD3751,356.2585,286.27
Groceries,ZP_PROD3754,69.1209,73.08
Groceries,ZP_PROD3803,518.2559,427.55
Groceries,ZP_PROD3810,359.2764,401.66
Groceries,ZP_PROD3845,101.4989,110.97
Groceries,ZP_PROD3846,420.7323,452.04
Groceries,ZP_PROD3860,16.6134,13.73
Groceries,ZP_PROD3868,160.9828,140.99
Groceries,ZP_PROD3872,517.7643,491.71
Groceries,ZP_PROD3875,114.3858,131.72
Groceries,ZP_PROD3894,18.5025,17.23
Groceries,ZP_PROD3922,497.6743,461.56
Groceries,ZP_PROD3925,369.3695,390.86
Groceries,ZP_PROD3945,193.2693,198.99
Groceries,ZP_PROD3964,97.7658,105.98
Groceries,ZP_PROD3965,231.9206,264.55
Groceries,ZP_PROD3973,70.3999,57.82
Groceries,ZP_PROD3987,28.5206,25.81
Groceries,ZP_PROD3988,129.8013,151.68
Groceries,ZP_PROD4002,311.0424,289.51
Groceries,ZP_PROD4045,75.9841,70.26
Groceries,ZP_PROD4076,364.4581,381.2
Groceries,ZP_PROD4079,206.1203,229.34
Groceries,ZP_PROD4115,415.3457,422.23
Groceries,ZP_PROD4134,26.3957,27.61
Groceries,ZP_PROD4139,186.6924,161.47
Groceries,ZP_PROD4146,262.3838,258.29
Groceries,ZP_PROD4214,216.3984,219.52
Groceries,ZP_PROD4247,24.2666,24.66
Groceries,ZP_PROD4254,46.5909,38.99
Groceries,ZP_PROD4261,199.7261,207.29
Groceries,ZP_PROD4267,264.4683,297.23
Groceries,ZP_PROD4281,416.4137,417.43
Groceries,ZP_PROD4293,240.2506,262.44
Groceries,ZP_PROD4355,336.6654,308.8
Groceries,ZP_PROD4378,517.5641,455.39
Groceries,ZP_PROD4437,286.9068,335.1
Groceries,ZP_PROD4459,539.7105,477.11
Groceries,ZP_PROD4473,476.0363,476.9
Groceries,ZP_PROD4510,413.1536,399.34
Groceries,ZP_PROD4516,99.4334,110.16
Groceries,ZP_PROD4532,181.0059,171.77
Groceries,ZP_PROD4558,35.6853,29.16
Groceries,ZP_PROD4568,541.7707,452.51
Groceries,ZP_PROD4600,92.8062,86.61
Groceries,ZP_PROD4613,198.0481,219.32
Groceries,ZP_PROD4642,524.2685,446.81
Groceries,ZP_PROD4714,116.0679,108.83
Groceries,ZP_PROD4718,363.4083,389.7
Groceries,ZP_PROD4730,407.0252,342.98
Groceries,ZP_PROD4771,290.3373,310.1
Groceries,ZP_PROD4772,43.6858,47.54
Groceries,ZP_PROD4903,217.8104,182.25
Groceries,ZP_PROD4905,270.5205,253.52
Groceries,ZP_PROD4943,137.4876,149.56
Groceries,ZP_PROD4950,393.0145,314.44
Groceries,ZP_PROD4976,255.4885,225.77
Groceries,ZP_PROD4987,164.6035,143.79
Groceries,ZP_PROD4991,366.7916,429.66
Groceries,ZP_PROD5005,117.9827,130.85
Groceries,ZP_PROD5006,387.1073,452.84
Groceries,ZP_PROD5023,467.5992,466.5
Groceries,ZP_PROD5046,371.3802,309.62
Groceries,ZP_PROD5050,310.4369,267.65
Groceries,ZP_PROD5066,115.4041,105.74
Groceries,ZP_PROD5077,49.4518,53.79
Groceries,ZP_PROD5088,356.1631,285.73
Groceries,ZP_PROD5119,251.9839,272.04
Groceries,ZP_PROD5123,44.7375,52.31
Groceries,ZP_PROD5148,339.2293,283.92
Groceries,ZP_PROD5165,290.57555,249.425
Groceries,ZP_PROD5176,346.8566,323
Groceries,ZP_PROD5230,268.9153,287.31
Groceries,ZP_PROD5251,264.3622,290.65
Groceries,ZP_PROD5268,214.2726,234.8
Groceries,ZP_PROD5281,457.0182,467.43
Groceries,ZP_PROD5306,428.8552,498.52
Groceries,ZP_PROD5326,109.4576,114.82
Groceries,ZP_PROD5361,189.6504,159.65
Groceries,ZP_PROD5383,135.3975,139.32
Groceries,ZP_PROD5391,69.8899,70.83
Groceries,ZP_PROD5409,303.1927,289.37
Groceries,ZP_PROD5457,227.2179,253.47
Groceries,ZP_PROD5459,534.4686,495.5
Groceries,ZP_PROD5471,202.1521,163.52
Groceries,ZP_PROD5473,376.2142,392.33
Groceries,ZP_PROD5490,463.1964,412.61
Groceries,ZP_PROD5520,370.1084,418.55
Groceries,ZP_PROD5571,76.6191,63.58
Groceries,ZP_PROD5615,349.9019,320.64
Groceries,ZP_PROD5639,335.0529,313.78
Groceries,ZP_PROD5674,397.1995,386.05
Groceries,ZP_PROD5683,255.564,246.91
Groceries,ZP_PROD5721,40.5962,43.16
Groceries,ZP_PROD5725,220.4584,202.78
Groceries,ZP_PROD5752,432.338,477.96
Groceries,ZP_PROD5758,301.9004,320.77
Groceries,ZP_PROD5768,288.8434,252.7
Groceries,ZP_PROD5795,89.2434,80.39
Groceries,ZP_PROD5796,150.1451,136.05
Groceries,ZP_PROD5797,362.974,385.77
Groceries,ZP_PROD5854,11.6307,12.59
Groceries,ZP_PROD5883,109.1825,89.72
Groceries,ZP_PROD5887,125.0813,135.94
Groceries,ZP_PROD5891,139.8388,126.6
Groceries,ZP_PROD5934,289.3634,237.62
Groceries,ZP_PROD5955,409.5837,378.37
Groceries,ZP_PROD5991,283.7368,266.43
Groceries,ZP_PROD5999,438.2155,480.29
Groceries,ZP_PROD6003,266.2397,226.18
Groceries,ZP_PROD6038,37.1899,31.58
Groceries,ZP_PROD6045,349.6596,346.57
Groceries,ZP_PROD6056,263.6088,262.11
Groceries,ZP_PROD6064,335.6932,389.44
Groceries,ZP_PROD6088,31.787,36.43
Groceries,ZP_PROD6106,131.1272,145.53
Groceries,ZP_PROD6198,521.6824,499.15
Groceries,ZP_PROD6237,81.5793,91.12
Groceries,ZP_PROD6244,214.8834,217.08
Groceries,ZP_PROD6259,129.9545,148.89
Groceries,ZP_PROD6279,274.745,321.75
Groceries,ZP_PROD6321,249.691,258.25
Groceries,ZP_PROD6361,153.5475,156.66
Groceries,ZP_PROD6412,235.6635,235.7
Groceries,ZP_PROD6433,363.2967,330.62
Groceries,ZP_PROD6479,247.6453,275.59
Groceries,ZP_PROD6481,561.3593,486.81
Groceries,ZP_PROD6506,498.8481,450.62
Groceries,ZP_PROD6509,139.944,120.85
Groceries,ZP_PROD6514,156.2613,142.53
Groceries,ZP_PROD6523,290.4827,266.95
Groceries,ZP_PROD6525,322.9653,329.36
Groceries,ZP_PROD6528,389.6412,335.94
Groceries,ZP_PROD6539,164.9491,160.4
Groceries,ZP_PROD6591,27.1919,27.78
Groceries,ZP_PROD6623,579.6899,491.02
Groceries,ZP_PROD6626,343.9119,346.93
Groceries,ZP_PROD6630,523.3537,496.81
Groceries,ZP_PROD6644,277.3978,223
Groceries,ZP_PROD6651,52.197,47.61
Groceries,ZP_PROD6671,153.9866,161.63
Groceries,ZP_PROD6683,434.4628,396.99
Groceries,ZP_PROD6717,57.2369,62.03
Groceries,ZP_PROD6720,271.5887,271.84
Groceries,ZP_PROD6748,453.98,462.88
Groceries,ZP_PROD6784,343.8061,396.38
Groceries,ZP_PROD6795,225.7977,186.93
Groceries,ZP_PROD6799,203.5255,210.14
Groceries,ZP_PROD6807,305.964,352.79
Groceries,ZP_PROD6857,429.9233,484.37
Groceries,ZP_PROD6870,269.5005,224.46
Groceries,ZP_PROD6902,254.8717,212.94
Groceries,ZP_PROD6981,289.4927,237.69
Groceries,ZP_PROD7033,519.1346,476.18
Groceries,ZP_PROD7037,100.7947,101.58
Groceries,ZP_PROD7041,403.3563,411.7
Groceries,ZP_PROD7055,226.53,216.14
Groceries,ZP_PROD7063,245.8045,218.82
Groceries,ZP_PROD7098,311.3181,283.5
Groceries,ZP_PROD7148,396.9585,350.45
Groceries,ZP_PROD7163,429.4886,373.03
Groceries,ZP_PROD7167,606.3094,492.82
Groceries,ZP_PROD7212,82.5618,92.05
Groceries,ZP_PROD7242,30.1629,35.37
Groceries,ZP_PROD7250,72.0928,69.65
Groceries,ZP_PROD7282,126.1179,102.4
Groceries,ZP_PROD7309,546.6365,452.06
Groceries,ZP_PROD7346,239.1631,192.31
Groceries,ZP_PROD7366,467.4557,485.51
Groceries,ZP_PROD7368,67.2224,53.99
Groceries,ZP_PROD7389,393.26,428.29
Groceries,ZP_PROD7403,208.6619,202.41
Groceries,ZP_PROD7417,222.3171,181.49
Groceries,ZP_PROD7459,438.2247,450.01
Groceries,ZP_PROD7483,484.6634,448.85
Groceries,ZP_PROD7500,264.413,219.67
Groceries,ZP_PROD7501,548.6935,492.49
Groceries,ZP_PROD7660,189.1306,219.05
Groceries,ZP_PROD7667,340.2858,356.78
Groceries,ZP_PROD7668,363.2973,305.65
Groceries,ZP_PROD7673,90.8547,82.89
Groceries,ZP_PROD7711,477.0816,465.45
Groceries,ZP_PROD7712,170.1066,158.66
Groceries,ZP_PROD7774,396.813,352.36
Groceries,ZP_PROD7835,137.5354,146.05
Groceries,ZP_PROD7840,452.7505,444.96
Groceries,ZP_PROD7846,408.0356,412.88
Groceries,ZP_PROD7847,326.766,324.24
Groceries,ZP_PROD7860,168.7376,191.97
Groceries,ZP_PROD7887,261.8477,212.88
Groceries,ZP_PROD7894,57.1176,51.18
Groceries,ZP_PROD7935,196.033,165.25
Groceries,ZP_PROD7964,515.7683,457.12
Groceries,ZP_PROD7994,27.0546,22.25
Groceries,ZP_PROD7997,414.3107,378.24
Groceries,ZP_PROD8009,215.2257,237.93
Groceries,ZP_PROD8073,155.8111,131.09
Groceries,ZP_PROD8079,261.6309,284.21
Groceries,ZP_PROD8110,544.4993,453.3
Groceries,ZP_PROD8117,128.775,127.69
Groceries,ZP_PROD8171,64.0469,68.84
Groceries,ZP_PROD8177,466.7287,380.12
Groceries,ZP_PROD8178,407.4022,443
Groceries,ZP_PROD8179,90.7441,89.87
Groceries,ZP_PROD8182,339.3258,295.98
Groceries,ZP_PROD8199,189.8602,154.87
Groceries,ZP_PROD8213,229.634,238.12
Groceries,ZP_PROD8243,225.80065,230.97
Groceries,ZP_PROD8248,65.615,58.82
Groceries,ZP_PROD8405,352.3429,327.91
Groceries,ZP_PROD8425,355.1008,416.74
Groceries,ZP_PROD8451,271.4695,304.12
Groceries,ZP_PROD8453,379.4468,330.65
Groceries,ZP_PROD8475,33.7693,35.02
Groceries,ZP_PROD8485,387.472,368.2
Groceries,ZP_PROD8521,130.4932,117.23
Groceries,ZP_PROD8562,10.3795,11.87
Groceries,ZP_PROD8563,341.6696,344.29
Groceries,ZP_PROD8575,419.8092,353.74
Groceries,ZP_PROD8584,380.5926,432.58
Groceries,ZP_PROD8592,410.0602,450.05
Groceries,ZP_PROD8621,333.6374,383.24
Groceries,ZP_PROD8653,262.0388,226.34
Groceries,ZP_PROD8668,157.5732,127.1
Groceries,ZP_PROD8670,84.1848,67.97
Groceries,ZP_PROD8677,398.5997,332.71
Groceries,ZP_PROD8689,382.5722,311.98
Groceries,ZP_PROD8733,232.9848,257.9
Groceries,ZP_PROD8746,223.3451,216.95
Groceries,ZP_PROD8750,184.8438,172.25
Groceries,ZP_PROD8787,513.5356,498.62
Groceries,ZP_PROD8844,126.1549,114.03
Groceries,ZP_PROD8847,348.9871,299.75
Groceries,ZP_PROD8878,294.3661,282.93
Groceries,ZP_PROD8912,50.2371,44.21
Groceries,ZP_PROD8962,10.29,11.41
Groceries,ZP_PROD8974,87.8983,86.04
Groceries,ZP_PROD9016,372.3791,414.72
Groceries,ZP_PROD9026,566.8683,495.08
Groceries,ZP_PROD9042,116.6668,135.27
Groceries,ZP_PROD9043,416.6154,393.81
Groceries,ZP_PROD9049,380.1046,430.15
Groceries,ZP_PROD9066,33.9351,27.18
Groceries,ZP_PROD9076,27.8926,25.5
Groceries,ZP_PROD9221,468.3092,423.82
Groceries,ZP_PROD9233,45.3881,42.96
Groceries,ZP_PROD9239,359.7262,401.11
Groceries,ZP_PROD9242,410.2317,338.09
Groceries,ZP_PROD9259,136.2513,145.92
Groceries,ZP_PROD9328,435.1127,384.115
Groceries,ZP_PROD9329,390.2552,407
Groceries,ZP_PROD9342,97.0888,87.71
Groceries,ZP_PROD9393,429.1868,495.43
Groceries,ZP_PROD9406,336.3217,388.48
Groceries,ZP_PROD9466,132.0906,122.61
Groceries,ZP_PROD9479,155.4882,133.83
Groceries,ZP_PROD9481,153.4097,131.93
Groceries,ZP_PROD9498,489.5609,398.7
Groceries,ZP_PROD9542,226.9603,244.9
Groceries,ZP_PROD9545,33.6691,29.73
Groceries,ZP_PROD9549,416.1289,337.59
Groceries,ZP_PROD9553,60.3584,68.88
Groceries,ZP_PROD9560,413.3179,335.5
Groceries,ZP_PROD9584,175.5181,159.96
Groceries,ZP_PROD9605,100.9869,93.49
Groceries,ZP_PROD9731,69.9752,79.01
Groceries,ZP_PROD9800,201.8928,236.97
Groceries,ZP_PROD9823,29.5918,32.25
Groceries,ZP_PROD9850,396.6043,418.19
Groceries,ZP_PROD9873,76.0212,70.91
Groceries,ZP_PROD9935,186.2725,163.73
Groceries,ZP_PROD9937,552.5042,456.23
Groceries,ZP_PROD9947,270.0461,277.06
Groceries,ZP_PROD9976,127.0489,108.67
Household Items,ZP_PROD1000,386.5538,338.7
Household Items,ZP_PROD1056,380.5846,366.36
Household Items,ZP_PROD1057,55.0116,45.86
Household Items,ZP_PROD1059,172.1445,154.6
Household Items,ZP_PROD1065,391.8756,400.1
Household Items,ZP_PROD1075,373.1116,303.86
Household Items,ZP_PROD1083,47.6855,54.26
Household Items,ZP_PROD1115,450.9027,371.13
Household Items,ZP_PROD1208,91.9662,107.46
Household Items,ZP_PROD1260,103.2052,100.3
Household Items,ZP_PROD1264,255.4925,211.07
Household Items,ZP_PROD1269,188.6106,152.44
Household Items,ZP_PROD1288,405.7078,326.66
Household Items,ZP_PROD1305,207.7108,222.8
Household Items,ZP_PROD1350,202.3022,209.15
Household Items,ZP_PROD1368,220.9883,219.4
Household Items,ZP_PROD1378,186.9261,188.04
Household Items,ZP_PROD1383,375.9529,387.44
Household Items,ZP_PROD1396,334.8204,283.37
Household Items,ZP_PROD1399,312.5788,334.97
Household Items,ZP_PROD1425,362.3682,333.57
Household Items,ZP_PROD1430,373.5375,371.15
Household Items,ZP_PROD1449,271.6971,260.08
Household Items,ZP_PROD1460,107.4126,112.68
Household Items,ZP_PROD1477,25.3043,26.88
Household Items,ZP_PROD1478,94.2415,108.25
Household Items,ZP_PROD1486,284.0852,315.27
Household Items,ZP_PROD1525,371.7305,317.39
Household Items,ZP_PROD1532,497.8689,474.71
Household Items,ZP_PROD1537,107.258,116.99
Household Items,ZP_PROD1560,134.1057,126
Household Items,ZP_PROD1566,245.0368,223.2
Household Items,ZP_PROD1576,525.7247,477.99
Household Items,ZP_PROD1582,154.042,179.43
Household Items,ZP_PROD1584,250.1814,230.35
Household Items,ZP_PROD1639,474.9892,430.54
Household Items,ZP_PROD1679,303.3985,355.87
Household Items,ZP_PROD1684,435.4801,399.52
Household Items,ZP_PROD1716,135.8395,121.58
Household Items,ZP_PROD1739,102.9815,120.54
Household Items,ZP_PROD1812,227.7297,216.4
Household Items,ZP_PROD1836,95.9084,77.05
Household Items,ZP_PROD1893,222.9432,243.79
Household Items,ZP_PROD1971,474.4589,387.71
Household Items,ZP_PROD1992,154.6902,152.06
Household Items,ZP_PROD2102,12.871,11.04
Household Items,ZP_PROD2132,302.6137,286.15
Household Items,ZP_PROD2205,242.3527,237.56
Household Items,ZP_PROD2207,275.8988,242.25
Household Items,ZP_PROD2228,404.7804,343.47
Household Items,ZP_PROD2239,274.8043,253.66
Household Items,ZP_PROD2243,469.4459,418.38
Household Items,ZP_PROD2268,394.4616,322.72
Household Items,ZP_PROD2308,349.0017,314.42
Household Items,ZP_PROD2364,255.0926,289.19
Household Items,ZP_PROD2393,93.1539,107.77
Household Items,ZP_PROD2525,93.9768,94.72
Household Items,ZP_PROD2558,140.5565,155.22
Household Items,ZP_PROD2580,574.9654,486.84
Household Items,ZP_PROD2595,506.6708,487.47
Household Items,ZP_PROD2600,423.3152,362.11
Household Items,ZP_PROD2609,388.5581,419.95
Household Items,ZP_PROD2644,112.3321,119.15
Household Items,ZP_PROD2655,112.0805,95.8
Household Items,ZP_PROD2663,242.0894,265.465
Household Items,ZP_PROD2678,491.9957,492.34
Household Items,ZP_PROD2679,197.5574,169.43
Household Items,ZP_PROD2718,510.7666,477.49
Household Items,ZP_PROD2730,137.6537,140.44
Household Items,ZP_PROD2742,110.4237,117.5
Household Items,ZP_PROD2762,310.9584,304.53
Household Items,ZP_PROD2787,74.2288,86.34
Household Items,ZP_PROD2828,14.2085,13.03
Household Items,ZP_PROD2887,47.5604,50.53
Household Items,ZP_PROD2912,109.8801,103.85
Household Items,ZP_PROD2954,454.2111,469.33
Household Items,ZP_PROD3043,377.6397,437.02
Household Items,ZP_PROD3047,282.0047,244.99
Household Items,ZP_PROD3074,44.8397,42.89
Household Items,ZP_PROD3076,423.3458,395.72
Household Items,ZP_PROD3089,34.5367,36.47
Household Items,ZP_PROD3112,111.5532,90.02
Household Items,ZP_PROD3130,466.8755,455.47
Household Items,ZP_PROD3151,311.5638,287.25
Household Items,ZP_PROD3157,89.8284,99.05
Household Items,ZP_PROD3171,122.1932,108.79
Household Items,ZP_PROD3259,496.3811,499.35
Household Items,ZP_PROD3328,438.9887,495.81
Household Items,ZP_PROD3426,86.7592,90.95
Household Items,ZP_PROD3436,286.6718,237.27
Household Items,ZP_PROD3437,504.2304,407.06
Household Items,ZP_PROD3442,46.3582,38.26
Household Items,ZP_PROD3499,176.6818,158.59
Household Items,ZP_PROD3507,437.6682,495.3
Household Items,ZP_PROD3513,317.9261,290.87
Household Items,ZP_PROD3515,13.6988,13.54
Household Items,ZP_PROD3617,216.6752,203.76
Household Items,ZP_PROD3618,468.1136,452.11
Household Items,ZP_PROD3626,272.2587,261.15
Household Items,ZP_PROD3642,425.3074,411.46
Household Items,ZP_PROD3662,436.1904,481.25
Household Items,ZP_PROD3730,299.9203,290.5
Household Items,ZP_PROD3770,214.6544,218.75
Household Items,ZP_PROD3858,131.1754,150.65
Household Items,ZP_PROD3874,148.5854,127.65
Household Items,ZP_PROD3925,156.3786,153.77
Household Items,ZP_PROD3929,279.2471,248.14
Household Items,ZP_PROD3975,227.4828,259.16
Household Items,ZP_PROD3996,217.0068,229.38
Household Items,ZP_PROD4008,222.1844,258.17
Household Items,ZP_PROD4057,266.5254,284.12
Household Items,ZP_PROD4064,252.9361,257.1
Household Items,ZP_PROD4086,59.5564,47.88
Household Items,ZP_PROD4102,431.2727,441.53
Household Items,ZP_PROD4103,357.4921,360.43
Household Items,ZP_PROD4147,231.2385,216.99
Household Items,ZP_PROD4162,159.8066,133.3
Household Items,ZP_PROD4170,90.6862,97.49
Household Items,ZP_PROD4193,139.6315,122.78
Household Items,ZP_PROD4223,490.3123,464.8
Household Items,ZP_PROD4314,32.1123,29.79
Household Items,ZP_PROD4317,362.0005,313.57
Household Items,ZP_PROD4352,85.0979,83.19
Household Items,ZP_PROD4370,22.9714,26.38
Household Items,ZP_PROD4384,403.5388,458.16
Household Items,ZP_PROD4411,487.8734,446.49
Household Items,ZP_PROD4414,547.4446,469.64
Household Items,ZP_PROD4430,409.0528,340.41
Household Items,ZP_PROD4440,310.6928,316.56
Household Items,ZP_PROD4463,133.8689,155.72
Household Items,ZP_PROD4476,502.5294,457.08
Household Items,ZP_PROD4508,139.5837,118.61
Household Items,ZP_PROD4545,296.0724,333.58
Household Items,ZP_PROD4550,246.7491,249.61
Household Items,ZP_PROD4606,330.1122,371.97
Household Items,ZP_PROD4656,373.1922,416.04
Household Items,ZP_PROD4659,262.6011,298.54
Household Items,ZP_PROD4677,70.3193,61.66
Household Items,ZP_PROD4712,280.8627,321.68
Household Items,ZP_PROD4724,95.8386,86.14
Household Items,ZP_PROD4738,346.3998,330.26
Household Items,ZP_PROD4744,15.9992,13.57
Household Items,ZP_PROD4783,512.1036,447.86
Household Items,ZP_PROD4790,73.6594,76.51
Household Items,ZP_PROD4814,568.5321,483.29
Household Items,ZP_PROD4819,437.2847,438.42
Household Items,ZP_PROD4832,215.9432,192.63
Household Items,ZP_PROD4873,534.3575,466.86
Household Items,ZP_PROD4897,363.3763,339.91
Household Items,ZP_PROD4926,287.5507,250.68
Household Items,ZP_PROD4938,198.5597,183.5
Household Items,ZP_PROD4951,47.4489,47.36
Household Items,ZP_PROD4963,25.7124,27.37
Household Items,ZP_PROD4992,466.5879,418.06
Household Items,ZP_PROD4999,471.3442,401.41
Household Items,ZP_PROD5001,314.6975,346.89
Household Items,ZP_PROD5016,405.0312,463.73
Household Items,ZP_PROD5066,519.7579,470.42
Household Items,ZP_PROD5086,46.5571,42.28
Household Items,ZP_PROD5092,43.5038,39.3
Household Items,ZP_PROD5100,38.6754,32.56
Household Items,ZP_PROD5131,250.0516,219.27
Household Items,ZP_PROD5158,109.3239,97
Household Items,ZP_PROD5174,107.9074,110.59
Household Items,ZP_PROD5179,329.3676,370.82
Household Items,ZP_PROD5208,104.4157,85.42
Household Items,ZP_PROD5247,475.0513,468.51
Household Items,ZP_PROD5253,548.7936,445.07
Household Items,ZP_PROD5330,230.0449,215.26
Household Items,ZP_PROD5405,368.3866,317.42
Household Items,ZP_PROD5434,211.9353,238.87
Household Items,ZP_PROD5435,555.5179,466.35
Household Items,ZP_PROD5465,32.7608,28
Household Items,ZP_PROD5468,118.5747,136.79
Household Items,ZP_PROD5494,487.1822,431.75
Household Items,ZP_PROD5497,422.102,405.99
Household Items,ZP_PROD5514,372.9739,408.78
Household Items,ZP_PROD5523,401.6004,428.87
Household Items,ZP_PROD5544,193.0032,171.1
Household Items,ZP_PROD5549,345.3346,348.74
Household Items,ZP_PROD5568,183.3251,194.43
Household Items,ZP_PROD5583,268.1285,247.5
Household Items,ZP_PROD5621,460.6745,442.02
Household Items,ZP_PROD5623,84.7623,68.15
Household Items,ZP_PROD5649,74.9996,74.34
Household Items,ZP_PROD5654,269.9265,271.09
Household Items,ZP_PROD5757,14.0347,11.57
Household Items,ZP_PROD5797,333.6422,379.45
Household Items,ZP_PROD5812,117.9837,110.6
Household Items,ZP_PROD5814,42.8581,49.8
Household Items,ZP_PROD5866,392.9413,325.09
Household Items,ZP_PROD5921,476.5968,398.01
Household Items,ZP_PROD5959,218.312,186.21
Household Items,ZP_PROD5962,394.2977,368.24
Household Items,ZP_PROD5964,308.543,247.63
Household Items,ZP_PROD5976,130.7119,131.85
Household Items,ZP_PROD6037,587.329,491.55
Household Items,ZP_PROD6055,438.5778,389.5
Household Items,ZP_PROD6068,105.5939,102.33
Household Items,ZP_PROD6099,379.7338,312.7
Household Items,ZP_PROD6125,388.2394,324.26
Household Items,ZP_PROD6146,191.587,169.91
Household Items,ZP_PROD6191,63.6019,71.03
Household Items,ZP_PROD6215,78.2566,82.42
Household Items,ZP_PROD6225,167.225,134.31
Household Items,ZP_PROD6227,87.5515,77.55
Household Items,ZP_PROD6267,384.2594,381.83
Household Items,ZP_PROD6318,352.6278,369.82
Household Items,ZP_PROD6327,111.8826,118.07
Household Items,ZP_PROD6334,348.1721,310.7
Household Items,ZP_PROD6380,274.9546,257.93
Household Items,ZP_PROD6382,342.1709,368.68
Household Items,ZP_PROD6408,296.7088,343.04
Household Items,ZP_PROD6424,221.1229,208.19
Household Items,ZP_PROD6430,322.5532,284.22
Household Items,ZP_PROD6438,560.0626,465.93
Household Items,ZP_PROD6442,17.6471,15.38
Household Items,ZP_PROD6445,105.5858,118.76
Household Items,ZP_PROD6451,409.2278,347.72
Household Items,ZP_PROD6498,132.2005,144.37
Household Items,ZP_PROD6515,376.0312,306.88
Household Items,ZP_PROD6530,279.8212,236.07
Household Items,ZP_PROD6535,272.3378,235.7
Household Items,ZP_PROD6545,218.9307,199.52
Household Items,ZP_PROD6548,219.2413,205.28
Household Items,ZP_PROD6596,234.5511,242.05
Household Items,ZP_PROD6600,27.5122,30.99
Household Items,ZP_PROD6609,213.7583,182.33
Household Items,ZP_PROD6610,249.4679,217.06
Household Items,ZP_PROD6654,337.9957,292.79
Household Items,ZP_PROD6718,270.8859,256.19
Household Items,ZP_PROD6720,378.4137,395.17
Household Items,ZP_PROD6800,405.6672,468.25
Household Items,ZP_PROD6812,441.3179,488.31
Household Items,ZP_PROD6825,242.7323,229.16
Household Items,ZP_PROD6840,120.993,116.09
Household Items,ZP_PROD6845,303.4131,337.57
Household Items,ZP_PROD6895,287.2908,257.19
Household Items,ZP_PROD6908,188.5342,198.07
Household Items,ZP_PROD6935,83.6968,74.59
Household Items,ZP_PROD6941,247.0479,205.08
Household Items,ZP_PROD6947,267.4665,303.82
Household Items,ZP_PROD6999,381.0427,326.075
Household Items,ZP_PROD7043,384.5832,355.36
Household Items,ZP_PROD7049,357.4627,350.97
Household Items,ZP_PROD7072,415.0553,443.94
Household Items,ZP_PROD7083,571.0746,485.14
Household Items,ZP_PROD7098,324.0838,284.78
Household Items,ZP_PROD7100,191.3251,164.66
Household Items,ZP_PROD7101,267.2282,293.33
Household Items,ZP_PROD7103,365.5695,319.89
Household Items,ZP_PROD7117,29.1249,24.62
Household Items,ZP_PROD7126,317.3835,359.94
Household Items,ZP_PROD7138,44.0017,35.22
Household Items,ZP_PROD7172,328.5597,283.78
Household Items,ZP_PROD7214,317.2394,316.21
Household Items,ZP_PROD7230,332.6603,299.03
Household Items,ZP_PROD7264,403.7062,391.82
Household Items,ZP_PROD7301,304.3565,315.71
Household Items,ZP_PROD7349,88.8273,93.12
Household Items,ZP_PROD7382,102.0435,104.02
Household Items,ZP_PROD7394,354.2871,334.31
Household Items,ZP_PROD7421,495.1177,455.86
Household Items,ZP_PROD7426,472.5322,424.54
Household Items,ZP_PROD7436,192.8097,162.46
Household Items,ZP_PROD7464,370.16055,365.06
Household Items,ZP_PROD7489,166.8876,139.31
Household Items,ZP_PROD7509,320.2582,364.55
Household Items,ZP_PROD7510,152.2503,142.02
Household Items,ZP_PROD7513,234.8409,224.01
Household Items,ZP_PROD7527,466.1038,451.76
Household Items,ZP_PROD7532,304.7218,297.6
Household Items,ZP_PROD7536,223.9013,182.83
Household Items,ZP_PROD7562,195.43415,190.91
Household Items,ZP_PROD7638,438.8226,428.73
Household Items,ZP_PROD7690,553.1594,499.55
Household Items,ZP_PROD7697,57.8925,49.37
Household Items,ZP_PROD7724,111.3583,123.75
Household Items,ZP_PROD7742,169.5064,135.73
Household Items,ZP_PROD7765,240.9605,255.68
Household Items,ZP_PROD7771,258.2303,280.44
Household Items,ZP_PROD7796,439.1245,440.4
Household Items,ZP_PROD7797,446.5324,429.19
Household Items,ZP_PROD7798,296.0249,335.47
Household Items,ZP_PROD7855,322.9201,350.46
Household Items,ZP_PROD7889,483.2755,415.16
Household Items,ZP_PROD7892,379.3587,440.34
Household Items,ZP_PROD7904,391.9192,407.93
Household Items,ZP_PROD7909,203.3779,180.26
Household Items,ZP_PROD7928,332.1095,363.25
Household Items,ZP_PROD7942,154.393,127.8
Household Items,ZP_PROD8023,550.993,445.08
Household Items,ZP_PROD8045,296.5837,335.9
Household Items,ZP_PROD8068,290.773,282.05
Household Items,ZP_PROD8091,395.2766,385.23
Household Items,ZP_PROD8094,213.7513,196.65
Household Items,ZP_PROD8112,50.0239,48.83
Household Items,ZP_PROD8138,550.4327,460.98
Household Items,ZP_PROD8171,217.18735,180.38
Household Items,ZP_PROD8183,159.6009,131.62
Household Items,ZP_PROD8184,211.1912,169.84
Household Items,ZP_PROD8192,256.7915,245.74
Household Items,ZP_PROD8193,166.1657,134.26
Household Items,ZP_PROD8195,196.2816,210.59
Household Items,ZP_PROD8207,158.4695,151.74
Household Items,ZP_PROD8252,352.2983,286.44
Household Items,ZP_PROD8257,110.4198,92.23
Household Items,ZP_PROD8263,415.0787,421.38
Household Items,ZP_PROD8310,183.7068,208.57
Household Items,ZP_PROD8328,83.8256,82.21
Household Items,ZP_PROD8336,448.1985,372.02
Household Items,ZP_PROD8340,495.0188,487.83
Household Items,ZP_PROD8347,58.0622,56.82
Household Items,ZP_PROD8358,538.0212,467.01
Household Items,ZP_PROD8368,135.8268,153.22
Household Items,ZP_PROD8417,128.20305,114.915
Household Items,ZP_PROD8420,17.0172,17.93
Household Items,ZP_PROD8433,54.5768,52.05
Household Items,ZP_PROD8434,270.8157,255.67
Household Items,ZP_PROD8435,313.8905,299.07
Household Items,ZP_PROD8441,377.0679,364.38
Household Items,ZP_PROD8455,359.2487,313.77
Household Items,ZP_PROD8462,354.7948,301.82
Household Items,ZP_PROD8488,169.5038,157.13
Household Items,ZP_PROD8504,64.4982,64.05
Household Items,ZP_PROD8510,519.3679,418.73
Household Items,ZP_PROD8522,12.8478,13.69
Household Items,ZP_PROD8544,538.8211,496.56
Household Items,ZP_PROD8549,132.4321,111.63
Household Items,ZP_PROD8571,115.2539,103.16
Household Items,ZP_PROD8632,200.6416,201.18
Household Items,ZP_PROD8635,289.7495,308.8
Household Items,ZP_PROD8665,94.9376,81.07
Household Items,ZP_PROD8707,564.245,489.75
Household Items,ZP_PROD8734,192.1505,192.38
Household Items,ZP_PROD8736,293.1989,270.97
Household Items,ZP_PROD8842,569.657,492.41
Household Items,ZP_PROD8859,135.9468,137.23
Household Items,ZP_PROD8897,134.9562,125.33
Household Items,ZP_PROD8980,539.5364,450.94
Household Items,ZP_PROD8987,208.2974,193.17
Household Items,ZP_PROD8996,156.433,142.98
Household Items,ZP_PROD8997,58.5519,54.55
Household Items,ZP_PROD9007,416.0685,467.83
Household Items,ZP_PROD9020,327.7529,345.68
Household Items,ZP_PROD9052,12.7531,11.65
Household Items,ZP_PROD9056,169.4149,169.91
Household Items,ZP_PROD9076,81.5424,72.67
Household Items,ZP_PROD9113,471.5299,423.44
Household Items,ZP_PROD9131,439.7015,498.32
Household Items,ZP_PROD9149,399.2749,329.08
Household Items,ZP_PROD9158,350.541,330.76
Household Items,ZP_PROD9178,22.1886,19.58
Household Items,ZP_PROD9187,347.1191,366.56
Household Items,ZP_PROD9197,210.76915,198.615
Household Items,ZP_PROD9202,120.3536,123.5
Household Items,ZP_PROD9210,390.9423,334.62
Household Items,ZP_PROD9222,48.7133,47.32
Household Items,ZP_PROD9268,291.1945,263.37
Household Items,ZP_PROD9273,49.3502,54.54
Household Items,ZP_PROD9320,162.1272,158.75
Household Items,ZP_PROD9351,58.1444,53.44
Household Items,ZP_PROD9354,101.7342,107.51
Household Items,ZP_PROD9362,235.4869,220.93
Household Items,ZP_PROD9386,293.2808,340.13
Household Items,ZP_PROD9390,379.6945,393.9
Household Items,ZP_PROD9438,306.7153,258.25
Household Items,ZP_PROD9481,114.399,94.95
Household Items,ZP_PROD9533,237.9918,271.19
Household Items,ZP_PROD9534,30.0262,24.28
Household Items,ZP_PROD9553,180.3539,159.88
Household Items,ZP_PROD9554,182.1072,180.52
Household Items,ZP_PROD9572,604.6406,485.69
Household Items,ZP_PROD9580,203.9016,211.1
Household Items,ZP_PROD9591,205.5984,172.09
Household Items,ZP_PROD9595,81.6751,85.62
Household Items,ZP_PROD9598,210.5683,191.81
Household Items,ZP_PROD9626,52.8734,44.35
Household Items,ZP_PROD9630,489.8628,444.505
Household Items,ZP_PROD9697,296.5367,342.53
Household Items,ZP_PROD9751,99.8691,101.675
Household Items,ZP_PROD9774,112.603,99.18
Household Items,ZP_PROD9793,114.6324,124.98
Household Items,ZP_PROD9861,386.0462,399.85
Household Items,ZP_PROD9887,323.5996,353.93
Household Items,ZP_PROD9889,485.6172,442.77
Household Items,ZP_PROD9899,21.2106,19.92
Household Items,ZP_PROD9925,165.7215,162.86
Household Items,ZP_PROD9963,179.3229,178.53
Household Items,ZP_PROD9964,206.1133,206.71
Household Items,ZP_PROD9991,16.7011,17.77
Snacks,ZP_PROD1003,26.1017,28.23
Snacks,ZP_PROD1008,587.0953,482.92
Snacks,ZP_PROD1026,546.3277,467.04
Snacks,ZP_PROD1029,143.6946,134.46
Snacks,ZP_PROD1070,273.6361,287.82
Snacks,ZP_PROD1096,173.3147,156.07
Snacks,ZP_PROD1113,149.1143,167.41
Snacks,ZP_PROD1140,361.24,395.09
Snacks,ZP_PROD1158,201.44455,229.11
Snacks,ZP_PROD1176,166.2923,164.52
Snacks,ZP_PROD1177,206.7386,185.08
Snacks,ZP_PROD1202,279.6879,248.19
Snacks,ZP_PROD1233,64.2149,69.63
Snacks,ZP_PROD1249,373.7914,313.96
Snacks,ZP_PROD1257,370.0012,335.34
Snacks,ZP_PROD1266,216.3766,216.25
Snacks,ZP_PROD1308,556.505,468.54
Snacks,ZP_PROD1431,412.2664,352.1
Snacks,ZP_PROD1436,337.2527,325.07
Snacks,ZP_PROD1451,37.607,39.08
Snacks,ZP_PROD1478,105.8826,89.43
Snacks,ZP_PROD1489,406.7247,390.34
Snacks,ZP_PROD1491,85.4638,95.51
Snacks,ZP_PROD1534,120.667,115.76
Snacks,ZP_PROD1544,220.0259,247.59
Snacks,ZP_PROD1549,133.7895,115.76
Snacks,ZP_PROD1607,50.5001,41.45
Snacks,ZP_PROD1614,425.8507,446.77
Snacks,ZP_PROD1617,297.8833,288.15
Snacks,ZP_PROD1622,373.86795,398.59
Snacks,ZP_PROD1653,55.5203,55.14
Snacks,ZP_PROD1660,261.3342,222.89
Snacks,ZP_PROD1834,134.5604,150.19
Snacks,ZP_PROD1844,106.7944,94.86
Snacks,ZP_PROD1897,381.78225,316.64
Snacks,ZP_PROD1899,126.438,110.52
Snacks,ZP_PROD1917,14.2973,15
Snacks,ZP_PROD1921,146.9024,146.11
Snacks,ZP_PROD1941,45.1702,36.57
Snacks,ZP_PROD1946,389.0559,376.96
Snacks,ZP_PROD1947,205.1036,199.25
Snacks,ZP_PROD1964,139.4382,121.78
Snacks,ZP_PROD2014,411.2555,335.86
Snacks,ZP_PROD2033,138.9005,116.5
Snacks,ZP_PROD2046,273.8887,248.33
Snacks,ZP_PROD2074,269.4693,222.99
Snacks,ZP_PROD2122,126.2164,129.82
Snacks,ZP_PROD2178,363.2499,354.48
Snacks,ZP_PROD2193,216.3424,220.42
Snacks,ZP_PROD2211,334.7085,383.39
Snacks,ZP_PROD2231,284.6442,241.7
Snacks,ZP_PROD2274,291.082,324.41
Snacks,ZP_PROD2356,11.1767,11.85
Snacks,ZP_PROD2364,192.2439,194.91
Snacks,ZP_PROD2367,380.6984,323.77
Snacks,ZP_PROD2385,370.1113,415.71
Snacks,ZP_PROD2396,271.1897,272.13
Snacks,ZP_PROD2417,139.6571,138.74
Snacks,ZP_PROD2433,66.7361,59.39
Snacks,ZP_PROD2438,429.5651,356.64
Snacks,ZP_PROD2460,171.1522,152.95
Snacks,ZP_PROD2474,199.8808,160.59
Snacks,ZP_PROD2544,133.7821,133.66
Snacks,ZP_PROD2551,52.8887,52.59
Snacks,ZP_PROD2556,48.368,50.28
Snacks,ZP_PROD2566,449.2273,378.52
Snacks,ZP_PROD2571,560.5716,493.01
Snacks,ZP_PROD2580,45.1425,43.42
Snacks,ZP_PROD2585,57.7047,57.16
Snacks,ZP_PROD2637,242.8235,282.58
Snacks,ZP_PROD2638,494.189,404.45
Snacks,ZP_PROD2640,403.0084,322.62
Snacks,ZP_PROD2658,87.161,76.24
Snacks,ZP_PROD2660,159.1855,148.47
Snacks,ZP_PROD2693,269.0351,215.46
Snacks,ZP_PROD2717,349.0937,405.85
Snacks,ZP_PROD2775,323.6848,285.67
Snacks,ZP_PROD2794,103.1135,93.97
Snacks,ZP_PROD2800,105.3559,91.75
Snacks,ZP_PROD2818,152.5481,154.05
Snacks,ZP_PROD2862,349.7315,312.58
Snacks,ZP_PROD2912,378.2062,341.32
Snacks,ZP_PROD2917,399.4362,408.63
Snacks,ZP_PROD2922,195.7707,223.33
Snacks,ZP_PROD2965,293.0649,250.49
Snacks,ZP_PROD2983,61.2827,69.78
Snacks,ZP_PROD3000,170.7612,187.76
Snacks,ZP_PROD3033,256.1323,220.92
Snacks,ZP_PROD3034,205.9528,232.7
Snacks,ZP_PROD3042,112.2374,111.17
Snacks,ZP_PROD3060,372.3165,360.68
Snacks,ZP_PROD3065,186.4314,182.27
Snacks,ZP_PROD3088,254.5596,249.52
Snacks,ZP_PROD3093,95.7409,106.55
Snacks,ZP_PROD3110,162.3719,151.34
Snacks,ZP_PROD3150,399.7527,330.69
Snacks,ZP_PROD3170,274.10335,257.74
Snacks,ZP_PROD3191,271.601,314.11
Snacks,ZP_PROD3234,345.0206,279.77
Snacks,ZP_PROD3266,229.8915,203.99
Snacks,ZP_PROD3342,241.1157,267.99
Snacks,ZP_PROD3345,43.3955,35.07
Snacks,ZP_PROD3404,57.3155,62.5
Snacks,ZP_PROD3450,163.4925,136.39
Snacks,ZP_PROD3534,200.0582,183.63
Snacks,ZP_PROD3560,283.8608,261.83
Snacks,ZP_PROD3587,414.867,449.74
Snacks,ZP_PROD3590,217.9307,240.88
Snacks,ZP_PROD3597,298.0234,291.15
Snacks,ZP_PROD3625,281.0334,260.07
Snacks,ZP_PROD3675,231.8149,217.28
Snacks,ZP_PROD3677,261.1946,276.2
Snacks,ZP_PROD3699,217.6479,235.39
Snacks,ZP_PROD3750,330.4426,375.31
Snacks,ZP_PROD3751,171.9123,152.79
Snacks,ZP_PROD3753,419.8975,404.28
Snacks,ZP_PROD3824,319.6053,374.99
Snacks,ZP_PROD3856,406.546,406.23
Snacks,ZP_PROD3891,243.26195,205.64
Snacks,ZP_PROD3941,198.7564,186.36
Snacks,ZP_PROD3982,369.4447,411.37
Snacks,ZP_PROD4012,89.6412,103.53
Snacks,ZP_PROD4066,270.7,217.22
Snacks,ZP_PROD4098,129.1004,136.63
Snacks,ZP_PROD4119,180.2456,181.82
Snacks,ZP_PROD4127,500.8595,424.82
Snacks,ZP_PROD4134,541.2322,476.59
Snacks,ZP_PROD4159,596.8444,486.59
Snacks,ZP_PROD4181,250.4673,247.16
Snacks,ZP_PROD4189,417.8061,452.96
Snacks,ZP_PROD4214,227.1417,257.34
Snacks,ZP_PROD4249,339.3469,328.12
Snacks,ZP_PROD4252,201.7796,171.77
Snacks,ZP_PROD4277,234.3566,208.27
Snacks,ZP_PROD4286,134.1189,120.6
Snacks,ZP_PROD4329,319.7888,258.66
Snacks,ZP_PROD4335,26.0265,27.03
Snacks,ZP_PROD4361,196.6986,208.93
Snacks,ZP_PROD4367,468.6289,457
Snacks,ZP_PROD4389,227.48,223.13
Snacks,ZP_PROD4394,267.6107,214.34
Snacks,ZP_PROD4410,143.3726,136.17
Snacks,ZP_PROD4416,398.8977,375.24
Snacks,ZP_PROD4426,244.9209,248.21
Snacks,ZP_PROD4437,357.6957,296.72
Snacks,ZP_PROD4446,116.3112,122.45
Snacks,ZP_PROD4447,12.623,11.07
Snacks,ZP_PROD4485,341.6173,371.86
Snacks,ZP_PROD4487,145.0557,126.22
Snacks,ZP_PROD4491,353.3671,310.29
Snacks,ZP_PROD4579,125.7192,116.09
Snacks,ZP_PROD4614,196.1386,164.23
Snacks,ZP_PROD4637,372.08245,394.275
Snacks,ZP_PROD4643,131.093,118.91
Snacks,ZP_PROD4672,335.8486,296.95
Snacks,ZP_PROD4674,257.2762,210.58
Snacks,ZP_PROD4798,250.3203,202.71
Snacks,ZP_PROD4817,250.2232,225.41
Snacks,ZP_PROD4854,239.4026,245.61
Snacks,ZP_PROD4915,320.7592,272.85
Snacks,ZP_PROD4921,380.9046,410.32
Snacks,ZP_PROD4948,451.3144,388.85
Snacks,ZP_PROD4951,359.3463,323.21
Snacks,ZP_PROD4962,204.1275,212.65
Snacks,ZP_PROD5001,80.0442,72.46
Snacks,ZP_PROD5004,301.0798,314.67
Snacks,ZP_PROD5028,514.1088,439.93
Snacks,ZP_PROD5029,226.2075,190.14
Snacks,ZP_PROD5046,283.30495,253.84
Snacks,ZP_PROD5053,385.1256,439.8
Snacks,ZP_PROD5111,156.6985,172.95
Snacks,ZP_PROD5139,401.0319,422.73
Snacks,ZP_PROD5151,473.4646,428.68
Snacks,ZP_PROD5206,557.5255,452.46
Snacks,ZP_PROD5214,329.9568,323.46
Snacks,ZP_PROD5241,421.4938,365.81
Snacks,ZP_PROD5262,519.7679,455.59
Snacks,ZP_PROD5266,323.5481,301.89
Snacks,ZP_PROD5273,461.9663,376.43
Snacks,ZP_PROD5336,65.4696,75.62
Snacks,ZP_PROD5355,463.9621,453.68
Snacks,ZP_PROD5371,81.4078,77.76
Snacks,ZP_PROD5387,278.3453,223.55
Snacks,ZP_PROD5401,119.8981,104.7
Snacks,ZP_PROD5416,109.5788,99.37
Snacks,ZP_PROD5441,127.098,108.33
Snacks,ZP_PROD5460,279.3126,310.96
Snacks,ZP_PROD5471,51.3657,48.98
Snacks,ZP_PROD5472,509.3873,442.17
Snacks,ZP_PROD5487,146.9056,136.75
Snacks,ZP_PROD5516,254.6249,257.62
Snacks,ZP_PROD5553,175.3261,169.68
Snacks,ZP_PROD5568,28.3006,28.69
Snacks,ZP_PROD5576,420.9076,464.71
Snacks,ZP_PROD5577,140.2808,117.86
Snacks,ZP_PROD5581,443.0166,376.51
Snacks,ZP_PROD5596,382.1121,358.98
Snacks,ZP_PROD5628,60.2797,59.52
Snacks,ZP_PROD5635,312.7798,328.15
Snacks,ZP_PROD5661,41.2473,40.32
Snacks,ZP_PROD5684,276.3498,307.03
Snacks,ZP_PROD5704,322.0834,375.53
Snacks,ZP_PROD5762,29.5694,24.46
Snacks,ZP_PROD5771,287.8667,293.9
Snacks,ZP_PROD5790,131.4626,123.65
Snacks,ZP_PROD5807,325.5502,347.78
Snacks,ZP_PROD5808,322.2529,292.26
Snacks,ZP_PROD5841,68.8249,74.42
Snacks,ZP_PROD5849,348.5861,328.52
Snacks,ZP_PROD5851,229.7161,198.31
Snacks,ZP_PROD5872,406.4375,336.78
Snacks,ZP_PROD5874,223.9991,181.31
Snacks,ZP_PROD5878,333.8988,348.73
Snacks,ZP_PROD5880,439.6003,405.26
Snacks,ZP_PROD5930,144.1669,163.41
Snacks,ZP_PROD6111,513.0689,471.46
Snacks,ZP_PROD6141,537.5724,479.18
Snacks,ZP_PROD6144,52.2964,45.8
Snacks,ZP_PROD6195,39.1115,36.43
Snacks,ZP_PROD6240,112.3993,96.11
Snacks,ZP_PROD6261,158.383,160.18
Snacks,ZP_PROD6265,284.8115,248.46
Snacks,ZP_PROD6273,51.3138,45.44
Snacks,ZP_PROD6286,398.219,376
Snacks,ZP_PROD6362,258.6888,238.87
Snacks,ZP_PROD6365,424.6019,424.68
Snacks,ZP_PROD6369,504.8081,413.7
Snacks,ZP_PROD6410,378.1883,319.08
Snacks,ZP_PROD6441,120.6764,136.02
Snacks,ZP_PROD6446,108.6346,101.45
Snacks,ZP_PROD6453,508.687,476.71
Snacks,ZP_PROD6484,479.2921,388
Snacks,ZP_PROD6495,186.4571,182.38
Snacks,ZP_PROD6518,418.5396,400.31
Snacks,ZP_PROD6549,208.3118,209.95
Snacks,ZP_PROD6552,391.5003,450.99
Snacks,ZP_PROD6557,187.1052,152.12
Snacks,ZP_PROD6593,26.0258,25.64
Snacks,ZP_PROD6614,420.0507,438.33
Snacks,ZP_PROD6630,554.8836,477.55
Snacks,ZP_PROD6632,83.9627,77.6
Snacks,ZP_PROD6649,457.155,461.64
Snacks,ZP_PROD6650,266.1195,277.69
Snacks,ZP_PROD6655,213.5099,229.42
Snacks,ZP_PROD6669,211.0465,204.87
Snacks,ZP_PROD6671,104.0722,99.3
Snacks,ZP_PROD6676,440.9304,401.85
Snacks,ZP_PROD6706,42.1222,37.38
Snacks,ZP_PROD6794,341.1306,280.49
Snacks,ZP_PROD6797,189.424,165.82
Snacks,ZP_PROD6817,334.3145,296.38
Snacks,ZP_PROD6826,366.7148,318.73
Snacks,ZP_PROD6832,422.8734,461.95
Snacks,ZP_PROD6850,287.5619,244.54
Snacks,ZP_PROD6873,195.0345,211.34
Snacks,ZP_PROD6901,163.8314,185.88
Snacks,ZP_PROD6926,223.6156,245.37
Snacks,ZP_PROD6930,28.9539,24.1
Snacks,ZP_PROD6962,196.0806,224.21
Snacks,ZP_PROD6963,141.6217,143.93
Snacks,ZP_PROD6972,577.4374,471.07
Snacks,ZP_PROD7029,143.5015,139.19
Snacks,ZP_PROD7109,286.73935,306.035
Snacks,ZP_PROD7169,538.5422,478.37
Snacks,ZP_PROD7249,44.5523,38.68
Snacks,ZP_PROD7271,541.5591,488.03
Snacks,ZP_PROD7283,150.743,168.83
Snacks,ZP_PROD7292,110.7259,92.91
Snacks,ZP_PROD7326,522.1478,428.57
Snacks,ZP_PROD7337,524.1185,476.26
Snacks,ZP_PROD7342,24.69,20.5
Snacks,ZP_PROD7352,441.9283,406.88
Snacks,ZP_PROD7460,445.6165,389.99
Snacks,ZP_PROD7466,227.1894,215.33
Snacks,ZP_PROD7481,243.883,244.27
Snacks,ZP_PROD7483,306.877,343.93
Snacks,ZP_PROD7517,248.7782,228.97
Snacks,ZP_PROD7531,204.4863,205.64
Snacks,ZP_PROD7591,342.34955,289.175
Snacks,ZP_PROD7598,509.7639,450.23
Snacks,ZP_PROD7615,444.6903,356.61
Snacks,ZP_PROD7621,122.3896,143.77
Snacks,ZP_PROD7630,167.1459,191.23
Snacks,ZP_PROD7665,508.2316,435.09
Snacks,ZP_PROD7688,74.7094,64.21
Snacks,ZP_PROD7711,504.4746,445.12
Snacks,ZP_PROD7726,410.7732,394.34
Snacks,ZP_PROD7752,448.5215,482.25
Snacks,ZP_PROD7753,450.2229,425.91
Snacks,ZP_PROD7780,116.2001,98.71
Snacks,ZP_PROD7781,63.6927,52.18
Snacks,ZP_PROD7783,86.8204,78.85
Snacks,ZP_PROD7784,52.9685,58.47
Snacks,ZP_PROD7813,213.1164,229.92
Snacks,ZP_PROD7829,207.6491,189.46
Snacks,ZP_PROD7835,295.402,295.935
Snacks,ZP_PROD7845,236.3593,275.72
Snacks,ZP_PROD7848,255.9894,298.58
Snacks,ZP_PROD7892,311.8817,347.49
Snacks,ZP_PROD7903,327.4923,378.69
Snacks,ZP_PROD7942,495.1306,482.44
Snacks,ZP_PROD7947,309.9244,300.04
Snacks,ZP_PROD7956,373.17845,324.555
Snacks,ZP_PROD7973,349.1609,297.92
Snacks,ZP_PROD7977,182.6304,167.66
Snacks,ZP_PROD7981,447.0354,407.56
Snacks,ZP_PROD7985,377.13,377.24
Snacks,ZP_PROD8049,133.166,146
Snacks,ZP_PROD8065,449.7502,428.6
Snacks,ZP_PROD8107,428.8743,438.1
Snacks,ZP_PROD8113,367.3454,336.06
Snacks,ZP_PROD8163,379.4877,398.36
Snacks,ZP_PROD8165,158.8237,144.86
Snacks,ZP_PROD8173,520.7014,459.62
Snacks,ZP_PROD8199,144.1267,161.17
Snacks,ZP_PROD8211,160.0423,142.4
Snacks,ZP_PROD8240,96.4619,97.24
Snacks,ZP_PROD8254,541.4815,442.22
Snacks,ZP_PROD8272,126.4027,119.43
Snacks,ZP_PROD8299,14.1639,12.72
Snacks,ZP_PROD8306,212.7794,195.71
Snacks,ZP_PROD8330,33.9666,30.85
Snacks,ZP_PROD8332,450.6359,494.84
Snacks,ZP_PROD8372,79.5847,83.08
Snacks,ZP_PROD8401,220.9672,189.6
Snacks,ZP_PROD8463,53.6006,50.84
Snacks,ZP_PROD8484,215.4744,226.37
Snacks,ZP_PROD8499,404.5791,430.62
Snacks,ZP_PROD8529,13.1856,12.49
Snacks,ZP_PROD8530,196.1201,176.56
Snacks,ZP_PROD8546,279.3937,288.35
Snacks,ZP_PROD8572,368.1337,416.48
Snacks,ZP_PROD8579,533.6327,452.28
Snacks,ZP_PROD8580,130.7568,126.88
Snacks,ZP_PROD8581,54.1449,55.07
Snacks,ZP_PROD8604,31.7845,32
Snacks,ZP_PROD8607,525.1419,446.63
Snacks,ZP_PROD8625,446.595,431.78
Snacks,ZP_PROD8627,277.2424,243.33
Snacks,ZP_PROD8633,326.5365,315.49
Snacks,ZP_PROD8658,185.8005,161.22
Snacks,ZP_PROD8688,250.6298,231.45
Snacks,ZP_PROD8693,274.5406,304.52
Snacks,ZP_PROD8711,385.28,423.4
Snacks,ZP_PROD8765,517.9927,445.66
Snacks,ZP_PROD8798,259.0318,302.89
Snacks,ZP_PROD8830,455.9819,435.66
Snacks,ZP_PROD8834,451.0416,470.02
Snacks,ZP_PROD8866,505.4309,451.81
Snacks,ZP_PROD8882,300.12,303.63
Snacks,ZP_PROD8923,424.1783,470.5
Snacks,ZP_PROD8933,443.6838,487.92
Snacks,ZP_PROD8934,403.003,327.58
Snacks,ZP_PROD8942,394.434,451.9
Snacks,ZP_PROD8978,184.0477,152.29
Snacks,ZP_PROD8983,275.7394,283.72
Snacks,ZP_PROD9021,264.2299,226.72
Snacks,ZP_PROD9066,357.5585,372.67
Snacks,ZP_PROD9093,22.0004,22.14
Snacks,ZP_PROD9115,234.1709,242.13
Snacks,ZP_PROD9129,158.27,144.32
Snacks,ZP_PROD9151,349.568,334.42
Snacks,ZP_PROD9162,472.2965,446.56
Snacks,ZP_PROD9170,220.706,232.47
Snacks,ZP_PROD9194,82.9106,77.48
Snacks,ZP_PROD9195,222.2961,256.68
Snacks,ZP_PROD9243,292.5328,241.02
Snacks,ZP_PROD9259,337.5259,322.75
Snacks,ZP_PROD9265,74.2557,63.09
Snacks,ZP_PROD9267,188.40335,168.545
Snacks,ZP_PROD9271,175.4627,164.38
Snacks,ZP_PROD9273,373.9727,336.07
Snacks,ZP_PROD9287,302.4572,299.64
Snacks,ZP_PROD9297,111.6137,95.34
Snacks,ZP_PROD9310,553.4517,499.42
Snacks,ZP_PROD9405,367.1232,429.46
Snacks,ZP_PROD9437,93.7673,87.14
Snacks,ZP_PROD9458,158.6871,177.35
Snacks,ZP_PROD9474,306.5423,357.57
Snacks,ZP_PROD9488,348.7657,283.42
Snacks,ZP_PROD9565,122.0638,132.59
Snacks,ZP_PROD9599,266.869,309.43
Snacks,ZP_PROD9615,52.4748,52.29
Snacks,ZP_PROD9628,169.2066,161.26
Snacks,ZP_PROD9648,479.1446,474.12
Snacks,ZP_PROD9655,393.8408,374.71
Snacks,ZP_PROD9672,483.3397,454.89
Snacks,ZP_PROD9717,205.8728,233.12
Snacks,ZP_PROD9823,369.4597,299.74
Snacks,ZP_PROD9827,111.4897,113.78
Snacks,ZP_PROD9870,389.9409,385.95
Snacks,ZP_PROD9878,226.8911,242.32
Snacks,ZP_PROD9900,434.6418,401.16
Snacks,ZP_PROD9908,107.293,95.05
Snacks,ZP_PROD9913,119.2573,113.25
Snacks,ZP_PROD9925,263.806,215.16
Snacks,ZP_PROD9938,385.8109,372.9
